customer_id,first_name,last_name,email,phone,suburb,age_group,segment,loyalty_member,join_date
1,Nathaniel,Webb,francisshawn@example.org,07 4092 6237,Surry Hills,46-55,Regular,True,2025-05-02
2,Michael,Ritter,udillon@example.org,0465.666.510,Burwood,46-55,Regular,True,2025-10-07
3,Mark,Martinez,austin58@example.net,0794 3758,Surry Hills,18-25,Regular,True,2024-01-13
4,John,Phillips,marissacook@example.org,0474-142-537,Hurstville,36-45,Regular,True,2024-02-27
5,Mary,Young,coxkimberly@example.org,02.8739.3649,Castle Hill,46-55,Budget,True,2023-11-23
6,Judith,Tucker,paula48@example.org,0422-155-455,Chatswood,26-35,Regular,False,2024-09-06
7,Eric,Chang,cynthia04@example.net,+61.2.5723.1703,Glebe,26-35,Regular,True,2023-08-26
8,Natalie,Morris,randallandrew@example.net,77633559,Castle Hill,18-25,Regular,True,2023-09-18
9,Lindsay,Berry,anthonyhaynes@example.net,(03)-1680-0118,Glebe,36-45,Budget,True,2025-05-25
10,Mia,Nelson,jasondavis@example.org,07.9182.2512,Maroubra,26-35,Premium,False,2025-09-25
11,Shelley,Bailey,sheri74@example.net,+61 458 748 371,Glebe,46-55,Budget,True,2023-11-05
12,Savannah,Camacho,hernandezstacey@example.net,(07) 9609 1035,Strathfield,46-55,Premium,True,2023-07-26
13,Colleen,Rush,george49@example.net,0891 9213,Hurstville,55+,Regular,True,2025-05-15
14,Mason,Crawford,jsalazar@example.org,03.6670.7433,Randwick,46-55,Premium,True,2026-02-12
15,Alex,Matthews,angela56@example.org,02-6735-0797,Burwood,26-35,Budget,True,2026-03-08
16,William,Sanders,spencertina@example.com,07 6155 4859,Castle Hill,26-35,Regular,True,2026-03-05
17,Breanna,Johnson,sara27@example.net,(02)-4895-5429,Blacktown,36-45,Regular,False,2025-10-17
18,Donna,Villegas,sarahbest@example.com,08 5767 4637,Ultimo,26-35,Regular,True,2023-11-09
19,Robin,Long,schroederjennifer@example.org,+61.8.9890.9761,Kogarah,36-45,Budget,True,2026-02-23
20,Rick,Bennett,heatherdavis@example.org,0499.594.066,Ultimo,36-45,Premium,True,2024-09-28
21,Nicholas,Davis,pwilliams@example.org,2780 1685,Ultimo,36-45,Budget,True,2026-02-25
22,Trevor,Perez,joshuaryan@example.net,+61 7 2842 2075,Mosman,26-35,Budget,True,2025-11-10
23,George,Miranda,catherinetravis@example.org,(08)-1397-9577,Burwood,46-55,Regular,True,2025-04-23
24,Holly,Short,ffletcher@example.org,41309919,Miranda,36-45,Premium,True,2025-03-06
25,Courtney,Odonnell,zgutierrez@example.com,(02)08234479,Surry Hills,55+,Budget,True,2025-07-19
26,Steven,Gonzales,omartin@example.com,2678 5118,Coogee,55+,Budget,True,2023-04-12
27,William,Rios,ajames@example.org,7041 8608,Ultimo,26-35,Premium,False,2023-12-22
28,Matthew,Parker,john23@example.com,39524351,Cronulla,26-35,Premium,False,2025-03-04
29,Kimberly,Leblanc,bcarroll@example.net,(03).6008.6260,Penrith,18-25,Budget,False,2023-05-07
30,Jonathan,Mack,richard92@example.net,(02)-8376-2505,Kogarah,36-45,Premium,False,2024-07-21
31,Mark,Reynolds,nlong@example.net,(08)84220661,Ultimo,36-45,Budget,True,2023-05-17
32,Tanya,Davis,ikramer@example.org,(03).0536.1789,Blacktown,55+,Budget,False,2023-09-25
33,Erin,Clark,lorievans@example.org,+61.490.073.869,Mosman,55+,Regular,True,2023-11-27
34,Katelyn,Jackson,gregorykirby@example.org,00680920,Pyrmont,26-35,Premium,True,2024-06-06
35,Tyler,Clark,michelle77@example.net,07 0541 9127,Maroubra,26-35,Premium,True,2024-08-25
36,Matthew,Murphy,juliegreene@example.com,(02) 0441 4615,Glebe,55+,Budget,True,2024-06-26
37,Michael,Flowers,perrymark@example.org,+61.419.101.545,Liverpool,36-45,Regular,True,2023-07-02
38,Gina,Jimenez,mike98@example.org,+61.406.658.413,Penrith,46-55,Budget,True,2025-01-22
39,Curtis,Lopez,haynesryan@example.net,4310-9814,Burwood,36-45,Regular,True,2023-04-07
40,Christopher,Johnson,franklinerin@example.com,+61-467-602-093,Burwood,36-45,Regular,True,2024-12-31
41,Kimberly,Wood,robert25@example.net,(03).5591.5818,Castle Hill,46-55,Regular,True,2026-01-18
42,Tiffany,Lara,johnmorrison@example.com,02-5318-6048,Ultimo,26-35,Regular,True,2024-09-02
43,Paul,Lee,millerautumn@example.com,4053-1598,Dee Why,46-55,Budget,True,2024-09-04
44,Daniel,Adams,meghanhill@example.org,0257658771,Glebe,55+,Budget,True,2024-06-15
45,Kimberly,Boone,wendyalvarado@example.org,0463-104-647,Bondi,26-35,Regular,True,2025-11-28
46,Ann,Brown,fcobb@example.org,+61 2 6315 5112,Surry Hills,55+,Regular,False,2024-01-13
47,Brittany,Frey,dustinwilliams@example.org,1644.9649,Campbelltown,26-35,Budget,False,2025-06-21
48,Kimberly,Bryan,murrayhunter@example.com,29948183,Ultimo,26-35,Regular,True,2023-04-16
49,Jeffrey,Nelson,gregorydavis@example.org,3184 8199,Kogarah,26-35,Premium,True,2023-10-17
50,Donald,Johnston,elizabethallen@example.com,0445-494-409,Newtown,55+,Premium,True,2025-09-09
51,Alexander,Gilbert,ngray@example.com,0238303987,Burwood,46-55,Regular,False,2023-12-01
52,Eric,Anderson,ginameyers@example.com,0664-7702,Maroubra,36-45,Regular,True,2024-09-10
53,Amanda,Wagner,ibrown@example.com,+61.2.7742.2937,Bella Vista,26-35,Regular,True,2024-12-28
54,Joanne,Walker,joshuawalker@example.net,+61.444.477.288,Mosman,18-25,Regular,True,2025-03-28
55,Joseph,Moss,davidoliver@example.com,02 8013 4963,Surry Hills,36-45,Budget,False,2024-12-31
56,Jacob,Koch,amoore@example.org,0412 042 359,Randwick,26-35,Regular,False,2024-12-17
57,Michael,White,seanli@example.org,+61.8.3583.0245,Kellyville,26-35,Regular,True,2023-11-10
58,Michelle,Ryan,owalker@example.com,(02).0421.2495,Cronulla,55+,Budget,True,2024-01-11
59,Sydney,Clark,savannahjohnson@example.org,0237143320,Bella Vista,36-45,Budget,True,2026-01-08
60,William,Castro,rodriguezpaula@example.com,0437-470-887,Kellyville,18-25,Regular,True,2024-06-08
61,Gene,Nguyen,moranronald@example.org,0383876888,Hurstville,26-35,Regular,False,2026-02-02
62,Nicole,Hamilton,qnguyen@example.org,08.1013.8041,Liverpool,55+,Budget,True,2025-07-13
63,Lisa,Carson,tylerdavis@example.org,(03)-8026-0494,Baulkham Hills,26-35,Premium,False,2026-03-04
64,Anne,Moody,danieldiaz@example.org,03 8603 5224,Parramatta,46-55,Regular,True,2024-06-26
65,Robert,Moore,emilyroberts@example.net,(07)88902265,Pyrmont,18-25,Budget,False,2024-11-10
66,Joe,Taylor,eshelton@example.net,0423-4192,Baulkham Hills,26-35,Regular,True,2023-09-06
67,Marcus,Delgado,millercarla@example.net,1677 3588,Campbelltown,26-35,Budget,False,2025-01-21
68,Michael,Wheeler,alexandriamyers@example.net,02-8469-5241,Kellyville,26-35,Regular,False,2024-09-02
69,Ruth,Jones,wrightvictoria@example.com,5472-3839,Miranda,36-45,Budget,False,2025-09-10
70,Walter,Gonzales,jesse71@example.org,(08) 3186 4022,Bella Vista,55+,Budget,False,2024-04-18
71,Daniel,Terrell,jacob02@example.com,61751964,Kellyville,26-35,Premium,False,2023-12-20
72,Traci,Collier,cassandra13@example.org,(02) 3292 4218,Castle Hill,36-45,Regular,True,2024-07-15
73,Justin,Campbell,dustinramirez@example.com,2441-3088,Castle Hill,46-55,Regular,True,2024-05-29
74,Holly,Smith,castillopatrick@example.org,+61-3-0022-5015,Penrith,26-35,Budget,True,2024-02-24
75,Blake,Mcdaniel,heidireynolds@example.org,(07) 7141 9276,Penrith,18-25,Premium,True,2023-12-29
76,John,Smith,vkaiser@example.net,9390.2798,Miranda,26-35,Regular,True,2024-02-12
77,Kathy,James,sethmartinez@example.com,03.8628.5205,Surry Hills,18-25,Budget,True,2024-06-05
78,Yvonne,Rose,salasrussell@example.org,0417.192.474,Newtown,18-25,Regular,False,2024-02-14
79,Cheryl,Garza,lopezmichael@example.org,0748610065,Manly,36-45,Regular,True,2023-08-27
80,Jacob,Perez,brianna12@example.org,0444-130-567,Liverpool,18-25,Regular,True,2025-08-21
81,Justin,Vega,millsdanny@example.com,24441649,North Sydney,36-45,Budget,False,2025-05-17
82,Stephanie,Murphy,ushelton@example.org,+61 485 107 882,Burwood,46-55,Regular,True,2023-07-03
83,Lori,Riley,cgalloway@example.com,5857 6772,Burwood,26-35,Regular,True,2025-10-26
84,Cory,Hale,christophergomez@example.com,07 6245 6152,Blacktown,26-35,Budget,False,2024-06-02
85,Samuel,Wallace,maloneherbert@example.org,+61-414-519-095,Cronulla,36-45,Regular,False,2023-11-09
86,Judy,Jensen,richardmontgomery@example.net,0490-153-463,Campbelltown,26-35,Budget,True,2023-10-25
87,Krystal,Cook,geraldewing@example.org,(03).2411.6697,Dee Why,36-45,Regular,True,2024-02-24
88,Bryan,Harvey,moorerodney@example.net,+61 410 163 978,Burwood,18-25,Regular,True,2025-11-24
89,Amanda,Le,vprice@example.com,07412254,Glebe,46-55,Budget,False,2025-06-23
90,Todd,Levy,emoore@example.net,0432-683-949,Castle Hill,26-35,Premium,True,2025-02-21
91,Sarah,Lee,jacquelinesmith@example.org,(08)47488166,Cronulla,46-55,Premium,True,2024-03-04
92,Timothy,Rodriguez,harpernancy@example.net,08.1872.9303,Hurstville,46-55,Regular,True,2024-03-23
93,Daniel,Tapia,mary11@example.net,(08) 4126 7564,Kellyville,46-55,Budget,True,2024-07-11
94,Jennifer,Jackson,thomastaylor@example.net,(07)37335634,Penrith,26-35,Budget,True,2023-12-16
95,Anthony,Williams,nelsonsara@example.org,(03)-7426-9389,Randwick,26-35,Budget,True,2024-10-27
96,Amy,Green,reyesandrea@example.org,+61-407-969-213,Burwood,36-45,Regular,True,2024-11-05
97,Michele,Vasquez,christopher10@example.net,0829269609,Cronulla,46-55,Budget,True,2024-10-16
98,Kristen,Gray,yhartman@example.com,(03)-4752-1219,Kellyville,26-35,Budget,True,2026-03-06
99,Richard,Johnson,ephillips@example.org,0457.410.693,Baulkham Hills,36-45,Budget,True,2024-08-27
100,Thomas,Montgomery,pkennedy@example.org,0367588576,Liverpool,36-45,Regular,True,2023-06-09
101,Deborah,Gross,smithadam@example.com,07-5765-9721,Chatswood,55+,Premium,True,2024-10-05
102,Amanda,Jones,jamescampos@example.com,0440-992-066,Hurstville,26-35,Regular,True,2025-04-07
103,Diana,Bush,patrickdakota@example.com,03-2012-4495,Randwick,36-45,Premium,False,2024-09-24
104,Sara,Flowers,chad34@example.org,+61713818366,Kellyville,46-55,Budget,True,2025-09-01
105,Kimberly,Harris,shelia12@example.org,0488.688.392,Bondi,18-25,Regular,False,2024-09-17
106,Kelly,Brown,jasmine67@example.com,75865679,Randwick,46-55,Regular,True,2025-01-28
107,Richard,Pearson,coxjeffrey@example.org,(02).6838.0280,Bondi,26-35,Regular,True,2024-09-28
108,Jacqueline,Barber,thompsondylan@example.net,0437-835-204,Burwood,36-45,Regular,True,2025-08-05
109,Ashley,Garcia,kaitlin05@example.net,+61 407 410 229,Bella Vista,18-25,Regular,True,2025-05-29
110,Christine,Love,heathercarpenter@example.org,(07)-7450-0513,Maroubra,36-45,Premium,True,2025-09-06
111,Joseph,Ball,gomezjonathan@example.net,07-8737-0652,Rouse Hill,36-45,Premium,True,2023-11-24
112,Stephen,Wu,heather60@example.org,(08)29123973,Dee Why,26-35,Budget,True,2023-04-01
113,Shelley,Ward,christinawright@example.net,0420 212 716,Liverpool,46-55,Regular,False,2025-02-09
114,Richard,Parsons,trevorjohnson@example.com,0746407384,North Sydney,26-35,Premium,False,2023-05-01
115,Steven,Henry,jessicacunningham@example.org,(07) 9677 0358,Miranda,18-25,Regular,False,2025-10-23
116,Robert,Dixon,amyduran@example.net,0237495686,Penrith,18-25,Regular,True,2024-05-19
117,Michael,Greene,ywall@example.net,03 0716 2966,Dee Why,46-55,Budget,True,2024-01-31
118,Anthony,Allen,brownaustin@example.net,3699 6501,Miranda,46-55,Budget,True,2025-09-25
119,Christopher,Jones,mathewskathryn@example.org,0490.573.746,Bella Vista,26-35,Regular,False,2024-11-15
120,Peggy,Diaz,amccann@example.com,(03)39655301,Hurstville,26-35,Regular,False,2025-07-12
121,Zachary,Warner,barnettamanda@example.org,2289.9217,Pyrmont,46-55,Regular,False,2024-08-19
122,Anthony,Higgins,moorerachel@example.org,+61 445 383 394,Castle Hill,55+,Budget,True,2023-09-11
123,Angela,Wise,mjohnson@example.com,68637684,Burwood,26-35,Regular,True,2023-04-16
124,Elizabeth,Mcknight,amandagutierrez@example.org,+61 7 2746 0125,Baulkham Hills,36-45,Regular,True,2024-12-28
125,Wanda,Ellis,zsanchez@example.net,4376.1680,Hurstville,26-35,Premium,True,2025-02-28
126,Amanda,Munoz,regina69@example.com,(02)09163325,Cronulla,46-55,Regular,True,2024-05-18
127,Christie,Petty,amy12@example.net,(08) 7416 7894,Baulkham Hills,46-55,Regular,False,2024-05-22
128,Christopher,Ho,nicholasstewart@example.net,0418.173.978,Liverpool,55+,Regular,True,2024-04-07
129,Alicia,Davis,sharonbell@example.com,0451.984.211,Chatswood,18-25,Budget,True,2023-06-08
130,Andres,Washington,johnsonvalerie@example.com,(07).2692.5589,North Sydney,46-55,Regular,False,2023-11-19
131,Janet,Bonilla,frostlauren@example.com,47042293,Randwick,18-25,Budget,True,2026-01-13
132,Kayla,Washington,kellybrian@example.net,+61214578371,Bondi,36-45,Regular,True,2025-06-07
133,Alicia,Ortega,erichenderson@example.net,07 5214 5392,Dee Why,46-55,Premium,True,2025-02-20
134,John,Reid,william17@example.com,08.3848.8484,Campbelltown,36-45,Regular,True,2024-10-16
135,Jenna,Meyer,sharon71@example.com,3698 1045,Manly,55+,Regular,True,2025-01-26
136,Valerie,Berry,bwalters@example.org,(03).1933.4626,Liverpool,26-35,Regular,False,2023-12-14
137,Brandi,White,williamskenneth@example.org,0756106300,Pyrmont,46-55,Budget,False,2024-01-02
138,James,King,julie63@example.com,12325619,Blacktown,46-55,Regular,True,2025-03-07
139,Robin,Poole,jonathanmartin@example.net,03-6421-2604,Pyrmont,46-55,Regular,True,2023-07-06
140,Brandy,Price,creyes@example.com,08.2534.8494,Surry Hills,46-55,Premium,True,2024-12-11
141,Jonathan,Russell,matthew56@example.net,+61-8-1375-2297,Randwick,26-35,Budget,True,2023-04-01
142,Tonya,Johnson,vhuffman@example.org,+61 475 720 505,Pyrmont,46-55,Regular,True,2023-05-31
143,Diane,Morris,pbrown@example.net,+61-438-297-047,Chatswood,26-35,Premium,False,2024-05-17
144,Tara,Webster,sarahshields@example.net,+61.438.295.970,Pyrmont,46-55,Regular,True,2024-10-31
145,Michael,Smith,eric89@example.net,+61-482-035-855,Ultimo,18-25,Regular,True,2023-12-17
146,Juan,Jones,jesse20@example.org,+61 420 008 431,Pyrmont,36-45,Regular,True,2025-10-16
147,James,Powell,lawrencewilliams@example.net,07354229,Miranda,36-45,Regular,True,2024-07-05
148,Ashley,Olson,donna48@example.net,+61 2 4963 1879,Campbelltown,36-45,Premium,False,2023-12-04
149,Rick,Schneider,jackson04@example.net,(02)-1107-1641,Miranda,26-35,Regular,False,2024-09-08
150,Kevin,Frye,kimberly03@example.org,+61246641266,Penrith,26-35,Premium,True,2026-03-18
151,Katrina,Sandoval,shannonmcdonald@example.net,+61-3-3801-6345,Hurstville,36-45,Regular,True,2025-09-23
152,Allison,Gallegos,david38@example.com,(02)24727699,Hurstville,46-55,Premium,True,2024-06-13
153,Sharon,Wells,rholmes@example.org,02.5058.5719,Castle Hill,46-55,Regular,False,2025-06-08
154,Randy,Palmer,rebeccaalvarez@example.net,07.9927.2764,Manly,18-25,Regular,True,2025-02-06
155,Amy,Martinez,brianmoore@example.com,(03).0126.4247,Baulkham Hills,18-25,Premium,False,2024-07-06
156,Rhonda,James,elizabethgreene@example.com,+61 472 936 054,Dee Why,18-25,Regular,False,2025-05-15
157,Tara,West,gilespeter@example.com,+61-434-347-364,Coogee,36-45,Regular,True,2024-03-07
158,Amanda,Lawson,josephprice@example.org,08-7845-6711,Kogarah,26-35,Regular,True,2023-05-15
159,Peter,Day,mariarivera@example.net,0353859386,Miranda,36-45,Regular,True,2023-05-31
160,Jordan,Wilson,rasmussenwilliam@example.com,5456 4540,Bondi,36-45,Regular,True,2025-06-29
161,Sarah,Ramirez,hollandamy@example.org,07-4965-4861,Strathfield,46-55,Budget,True,2025-11-20
162,Christine,Gordon,pwilson@example.org,0924.8618,Chatswood,26-35,Premium,True,2024-12-23
163,Lisa,Wilkerson,halvarado@example.com,0461 673 526,Hurstville,36-45,Regular,True,2024-04-15
164,Anthony,Meyer,travisingram@example.org,+61 490 024 424,Dee Why,18-25,Regular,True,2024-09-24
165,Tiffany,Hall,fweaver@example.com,+61-7-0545-2902,Rouse Hill,36-45,Budget,False,2023-08-11
166,Sara,Brown,trevor84@example.org,(07) 6045 3103,Manly,18-25,Regular,True,2026-01-03
167,Kari,Morris,conwaychristina@example.com,(07)67292276,Strathfield,36-45,Premium,True,2025-11-01
168,Marcus,Duke,marcfrank@example.com,0462-353-130,Bella Vista,26-35,Budget,True,2025-03-12
169,Darryl,Figueroa,harmonandrew@example.org,03 9503 2207,Strathfield,36-45,Regular,True,2024-09-10
170,Andrew,Watkins,zachary08@example.org,2105 2053,Randwick,26-35,Regular,False,2025-03-30
171,Lance,Hansen,iarnold@example.com,+61 400 092 585,Dee Why,55+,Regular,True,2025-03-24
172,Heather,Hawkins,mcguiremartha@example.org,9669.7030,Coogee,46-55,Regular,True,2025-08-15
173,Chelsea,Nichols,thompsonlaura@example.com,(07)94398753,Penrith,36-45,Premium,True,2023-06-21
174,Shawn,West,tpowers@example.org,+61 401 127 897,Rouse Hill,18-25,Budget,False,2023-09-16
175,Elizabeth,Landry,cynthiabates@example.org,9577-3665,Bella Vista,46-55,Regular,True,2025-09-03
176,Christine,Fisher,amandajacobs@example.org,1788-6628,Baulkham Hills,36-45,Budget,True,2025-12-14
177,Patrick,Woods,timothyingram@example.org,+61-457-554-946,Dee Why,36-45,Regular,True,2024-01-27
178,Lisa,Miller,woodjessica@example.org,0490.582.340,Dee Why,55+,Budget,False,2024-10-02
179,Michael,Cox,lcarlson@example.org,08-0776-7202,Maroubra,26-35,Budget,True,2024-08-18
180,Felicia,Hodges,lewistimothy@example.net,02.9932.0773,Kogarah,36-45,Budget,True,2025-03-27
181,Daniel,Hodges,david92@example.org,(07)-3241-3574,Bondi,55+,Premium,False,2024-11-01
182,Alicia,Thomas,caitlinreynolds@example.org,(03)49705908,Rouse Hill,18-25,Budget,True,2024-01-12
183,Andrea,Bolton,milescraig@example.com,+61347410802,Surry Hills,46-55,Regular,False,2025-12-11
184,Eric,Kelly,david89@example.net,1904.2929,Glebe,36-45,Budget,True,2025-07-16
185,Sydney,Wright,sarahphelps@example.net,+61-469-240-127,Strathfield,18-25,Regular,False,2024-11-23
186,Donna,Wheeler,lauralong@example.net,08-8372-9980,Chatswood,36-45,Budget,True,2025-07-07
187,Douglas,Smith,kristiatkinson@example.com,03 3293 4105,Cronulla,18-25,Regular,False,2025-09-04
188,Kevin,Johnson,edward03@example.org,+61-3-8716-1007,Kogarah,18-25,Budget,False,2025-12-01
189,Jonathan,Moore,brandonsalazar@example.net,+61.3.1038.7739,Dee Why,26-35,Regular,True,2024-07-16
190,Rebekah,Blevins,brenda09@example.org,02 0245 8991,Castle Hill,18-25,Regular,True,2024-09-24
191,Patrick,Glover,matthewfox@example.com,+61.7.5321.0369,Coogee,26-35,Regular,True,2025-04-01
192,Aaron,Mann,katrinabecker@example.org,(02) 1944 5020,Glebe,36-45,Regular,False,2025-08-18
193,Lisa,Cook,pallen@example.net,0436.974.693,Bella Vista,36-45,Regular,True,2024-07-04
194,Jill,Robinson,ryanalvarez@example.org,03.6907.7601,Liverpool,36-45,Budget,True,2023-05-20
195,Lindsey,Allen,thomasalexander@example.com,(07).2274.2415,Burwood,36-45,Premium,False,2024-01-20
196,Katie,Harris,averymakayla@example.com,+61839258761,Strathfield,55+,Regular,True,2025-11-14
197,Lori,Snyder,eochoa@example.org,+61764553919,Blacktown,55+,Budget,True,2026-02-23
198,Jennifer,Carey,nicole35@example.net,(07)07344051,Maroubra,26-35,Regular,False,2025-03-02
199,Gregg,Watson,ubest@example.net,(02).4818.1507,Baulkham Hills,36-45,Regular,True,2025-10-27
200,Anthony,Medina,larryallen@example.com,+61.464.012.527,Bella Vista,36-45,Regular,False,2024-07-04
201,Monica,Perkins,zstewart@example.net,0807-7705,Miranda,46-55,Regular,True,2025-02-02
202,Ernest,Gonzalez,lmcdaniel@example.net,(02)16851581,Cronulla,26-35,Budget,False,2025-04-16
203,Scott,Freeman,leerichard@example.net,4317-2453,Strathfield,18-25,Regular,True,2024-09-25
204,Karen,Garcia,elliottmary@example.net,+61 451 177 011,Newtown,36-45,Regular,True,2024-12-30
205,Kerry,Scott,wrice@example.org,0703409899,Chatswood,46-55,Premium,True,2025-03-25
206,Lisa,Cook,lowejennifer@example.org,6179.4070,Coogee,36-45,Regular,True,2024-08-12
207,Brittany,Ballard,ronaldwilson@example.net,8768.6513,Castle Hill,26-35,Budget,False,2025-06-24
208,Lauren,Hendrix,zjohnson@example.com,+61-7-9062-7379,Glebe,18-25,Budget,False,2026-02-02
209,Suzanne,Munoz,ehill@example.net,94697698,Rouse Hill,46-55,Regular,False,2023-06-28
210,Brian,Obrien,shannondunn@example.org,07 1487 4599,Liverpool,36-45,Regular,False,2025-03-11
211,Pamela,Colon,christensenraymond@example.net,0409.483.875,Maroubra,26-35,Regular,True,2023-12-18
212,Reginald,Anderson,brittany29@example.net,0415 943 128,Bondi,18-25,Budget,True,2025-06-21
213,Scott,Dalton,michael49@example.com,2964 9910,Strathfield,18-25,Budget,False,2024-04-23
214,Kayla,Kramer,alexander21@example.net,02.3584.4181,Strathfield,26-35,Premium,False,2024-09-22
215,Laurie,Jones,huntrebecca@example.net,0424 496 738,Bondi,18-25,Regular,True,2025-08-19
216,Dana,Thomas,jeremy10@example.com,(02)-4081-3782,Dee Why,26-35,Budget,False,2024-09-03
217,Jamie,Harrison,gomezbeth@example.org,+61.452.603.872,Maroubra,46-55,Premium,True,2025-05-04
218,Stephen,Cherry,lori53@example.org,(03).6260.1093,Baulkham Hills,36-45,Regular,False,2025-03-17
219,Scott,Collins,barbarapierce@example.org,+61.8.7594.3958,Hurstville,26-35,Regular,False,2025-05-01
220,Leslie,Porter,whiteangela@example.net,+61-7-9206-2176,Pyrmont,55+,Regular,False,2024-02-27
221,Ariana,Calhoun,michaeltorres@example.org,+61281390417,Newtown,26-35,Premium,True,2024-06-14
222,Susan,Dunn,tim28@example.com,0739-4851,Glebe,36-45,Regular,True,2024-01-26
223,Kevin,Miller,sean25@example.org,0810776650,Newtown,46-55,Regular,True,2025-01-28
224,Andrew,Hughes,crawfordterri@example.com,+61.2.9334.8329,Glebe,46-55,Regular,True,2024-10-08
225,Ronald,Cooke,pknight@example.org,+61-421-942-200,Chatswood,46-55,Budget,True,2026-03-04
226,Sheena,Shepherd,levans@example.com,02-0165-9188,Rouse Hill,55+,Budget,True,2024-09-20
227,Brian,Stevenson,angelicatrujillo@example.org,(08)91388671,Pyrmont,36-45,Premium,True,2025-09-21
228,Brett,Higgins,jacobsamanda@example.com,0824129490,Maroubra,26-35,Premium,True,2025-03-18
229,Cheryl,Hood,nrodriguez@example.org,(03)79928119,Coogee,18-25,Premium,True,2025-06-18
230,Vicki,Love,andrea27@example.net,02-4761-6831,Coogee,36-45,Regular,True,2024-05-29
231,Aaron,Moore,dominic52@example.org,79036727,Kogarah,46-55,Budget,True,2024-05-05
232,Ashley,Carey,jennifer48@example.org,+61-2-3827-0882,Strathfield,55+,Premium,True,2024-06-13
233,Kathleen,Brooks,perkinsanna@example.com,0463 705 080,Manly,46-55,Regular,False,2024-03-07
234,Anthony,Graves,adamsclaudia@example.net,+61.424.434.715,Kellyville,18-25,Regular,True,2023-07-08
235,Robin,Larson,elizabeth68@example.org,0807589003,Cronulla,36-45,Regular,True,2024-09-23
236,Judy,Mccarthy,lopezsavannah@example.com,0674 5932,Dee Why,36-45,Regular,False,2023-12-05
237,Nicholas,Salazar,munozlaurie@example.org,(07).6407.3714,Rouse Hill,36-45,Budget,True,2026-03-01
238,Francisco,Kerr,richardsonbrian@example.org,+61.3.0682.4296,Manly,36-45,Regular,True,2023-10-30
239,Heather,Lopez,jacobwerner@example.com,+61744061004,Mosman,26-35,Premium,True,2024-08-20
240,Amy,Foley,rushsusan@example.org,0413 520 817,North Sydney,55+,Regular,True,2024-12-17
241,Alex,Johnson,kfranco@example.net,02.5233.8198,Baulkham Hills,18-25,Regular,False,2024-08-26
242,Amanda,Allen,laurasmith@example.com,+61361576321,Castle Hill,18-25,Premium,False,2024-02-13
243,Felicia,Miller,thomas38@example.net,0317349129,Burwood,18-25,Regular,False,2024-02-09
244,Michelle,Dillon,mirandabarbara@example.net,08 3616 2824,Rouse Hill,55+,Premium,True,2025-03-28
245,Carol,Howard,kristensanchez@example.com,08-5154-4392,North Sydney,18-25,Regular,True,2024-05-14
246,Holly,Mcbride,toddjo@example.net,(03) 8215 1408,Penrith,46-55,Regular,True,2025-03-04
247,Isaac,Jacobson,brittneyclark@example.com,+61-7-5508-0366,Miranda,26-35,Regular,True,2023-06-13
248,Kevin,Mueller,vmiller@example.org,0484 648 850,Cronulla,55+,Budget,True,2025-11-01
249,Billy,Brooks,austintony@example.net,+61-2-2541-1717,Liverpool,46-55,Regular,True,2026-01-06
250,Bradley,Sutton,diazadam@example.com,+61.439.097.423,Parramatta,46-55,Regular,True,2023-11-07
251,Robert,Smith,susanbrady@example.org,02 7422 0819,Kogarah,36-45,Premium,False,2024-12-26
252,Preston,Baker,xmiranda@example.net,(07)-3160-3203,Mosman,26-35,Regular,True,2024-07-29
253,Jacqueline,Graves,dylanjohnson@example.net,67717126,Miranda,55+,Regular,False,2024-06-25
254,Gregory,Johnson,alan76@example.net,(02)56374418,Parramatta,46-55,Premium,True,2023-10-12
255,Tracy,Mason,wrightkristen@example.org,(07) 7192 6576,Burwood,26-35,Regular,True,2025-01-12
256,Zachary,Jimenez,natalielong@example.org,0476 440 695,Miranda,36-45,Regular,True,2023-10-30
257,Patricia,Mcmillan,gmorales@example.com,(08)58239604,Coogee,36-45,Premium,True,2024-06-10
258,Alex,Mejia,melissa52@example.net,(03).5775.1047,Surry Hills,26-35,Budget,False,2023-10-14
259,Amy,Taylor,crystal91@example.com,0237915751,Campbelltown,26-35,Premium,False,2023-05-29
260,Dwayne,Matthews,willie82@example.net,+61-8-8349-4362,Ultimo,26-35,Regular,True,2025-12-14
261,Amy,Osborn,evansalexander@example.org,07.3786.5189,Glebe,26-35,Regular,True,2024-06-29
262,Regina,Phillips,wheelerreginald@example.com,(08)-0313-7272,Bella Vista,18-25,Regular,True,2023-09-13
263,Tonya,Benton,russellhunt@example.com,+61.2.4736.0554,Hurstville,36-45,Regular,True,2024-04-23
264,Brittany,Carey,matthewoliver@example.net,02 8427 2177,Parramatta,46-55,Regular,False,2025-01-22
265,Christina,Combs,johnreed@example.org,0404 884 429,Glebe,36-45,Premium,True,2023-10-23
266,Christine,Willis,dennis38@example.net,02.4464.7311,Coogee,18-25,Budget,False,2024-12-06
267,Devon,Harper,allentiffany@example.org,0438.671.201,Chatswood,46-55,Premium,True,2024-11-15
268,Robert,Patterson,baileyjulie@example.net,3168-9903,Kellyville,46-55,Regular,False,2025-03-12
269,Nathan,Lopez,rodriguezbenjamin@example.org,02 7573 9640,Penrith,18-25,Regular,True,2024-06-21
270,Joseph,Roberts,udelgado@example.net,+61 482 948 628,Miranda,46-55,Premium,False,2025-09-26
271,Theresa,Kim,ashleybender@example.org,02.1306.8238,Dee Why,46-55,Budget,True,2025-05-30
272,Barbara,Foster,johnsonjean@example.com,8874.4119,Rouse Hill,55+,Regular,True,2025-07-02
273,Kristin,Palmer,hray@example.org,03-7968-8817,Dee Why,36-45,Budget,True,2025-05-19
274,Rachel,Walters,deannagoodwin@example.com,+61.3.4950.7347,Coogee,18-25,Regular,True,2023-06-22
275,Diana,Miller,lovedonald@example.org,+61 478 633 655,Baulkham Hills,26-35,Regular,False,2025-10-10
276,Michael,Caldwell,ihebert@example.com,(08) 7084 7368,Cronulla,36-45,Regular,True,2024-07-10
277,Brandon,Brown,zpeterson@example.org,(03)-0729-4814,Dee Why,55+,Regular,True,2023-04-13
278,Amy,Meyer,fieldsmichael@example.net,+61-7-5670-4945,Coogee,26-35,Premium,True,2025-05-25
279,Nancy,Hernandez,dorothy48@example.org,+61310300626,Hurstville,18-25,Regular,True,2024-01-21
280,Karen,Barrera,hboyer@example.net,(07).1328.8803,Dee Why,36-45,Regular,True,2025-05-25
281,Michelle,Villanueva,joshua88@example.net,0407 894 289,Mosman,26-35,Regular,True,2025-05-27
282,Andrea,Flores,melanievincent@example.com,+61 2 7120 7098,Glebe,26-35,Regular,True,2024-06-19
283,Jaime,Stevens,calebhicks@example.org,(08) 4438 3208,Kogarah,46-55,Budget,True,2026-02-28
284,Bruce,Alvarado,newmantammy@example.com,49967145,Chatswood,18-25,Regular,False,2025-09-30
285,Alice,Wright,brownshaun@example.com,1123-2000,Strathfield,46-55,Regular,True,2025-11-20
286,Martin,Stein,andersonstacy@example.org,(03)80917433,Campbelltown,36-45,Regular,True,2023-06-24
287,Anthony,Campbell,craig12@example.net,+61322768866,Burwood,46-55,Budget,False,2025-10-08
288,Cameron,Heath,bruce22@example.com,0822190947,Strathfield,36-45,Regular,True,2024-07-08
289,Joy,Guerrero,tiffanywoods@example.com,08.9401.7316,Parramatta,55+,Regular,False,2026-01-24
290,James,Chang,davistracy@example.org,0487.694.257,Penrith,55+,Premium,True,2023-07-15
291,Benjamin,Wilson,holly40@example.com,+61-437-441-528,Coogee,46-55,Budget,False,2026-03-04
292,William,Tran,amy90@example.org,+61780866453,Burwood,26-35,Budget,True,2025-03-18
293,Kelly,Strong,aellison@example.net,+61.2.4295.5147,Ultimo,26-35,Budget,False,2024-12-18
294,Paul,Chavez,skaufman@example.com,0888391915,Kogarah,36-45,Regular,False,2023-07-12
295,Darrell,Velasquez,shawn15@example.net,02.7369.9467,Dee Why,36-45,Budget,False,2024-10-28
296,Bryan,Martinez,terry99@example.net,02-8051-8790,Randwick,26-35,Budget,False,2023-12-19
297,Rodney,Torres,leon67@example.org,07.4019.9253,North Sydney,36-45,Regular,True,2025-11-23
298,Alison,Roberts,nwilcox@example.com,03 3527 9977,Miranda,26-35,Regular,False,2024-06-04
299,Andrew,Barnett,johnsonjuan@example.com,(08)-3421-6863,Castle Hill,36-45,Budget,True,2024-05-23
300,Ashley,Valdez,andersonjill@example.net,(03).8502.3975,Rouse Hill,26-35,Budget,False,2023-06-16
301,Brian,Allen,debra89@example.org,9632.0809,Campbelltown,18-25,Premium,True,2025-10-18
302,Lee,Mcmillan,georgeschmidt@example.net,(03) 0163 7428,Baulkham Hills,36-45,Budget,True,2024-09-10
303,Lisa,Hicks,dramirez@example.net,08 6722 8737,Kellyville,26-35,Premium,True,2024-10-25
304,Elizabeth,Garcia,matthewhanson@example.com,+61.471.330.387,Penrith,26-35,Premium,True,2025-07-27
305,Theresa,Banks,johnsonchristopher@example.org,+61-2-8295-4373,Bella Vista,18-25,Regular,True,2023-11-01
306,Jon,Brown,obright@example.org,61488909,Ultimo,18-25,Budget,True,2023-06-07
307,Daniel,Bond,rpace@example.net,48085942,Miranda,46-55,Regular,True,2024-04-08
308,Charles,Pitts,kelsey89@example.com,(07)10423376,Surry Hills,26-35,Budget,True,2023-11-03
309,Jessica,King,thomas45@example.com,0414 412 672,Pyrmont,46-55,Regular,True,2025-02-20
310,Sean,Ware,dennis07@example.com,8698 2548,Manly,36-45,Regular,True,2023-06-21
311,Karen,Williams,lopezmadeline@example.org,(03)-5420-8162,Cronulla,36-45,Regular,True,2024-09-06
312,Jeremy,Callahan,andrea52@example.net,07.7704.1546,Campbelltown,26-35,Regular,True,2024-11-18
313,Emily,Hernandez,wrightnoah@example.org,+61 497 494 537,Parramatta,36-45,Premium,False,2024-08-18
314,Nicholas,Hoover,cathy31@example.org,03 5133 8073,Coogee,36-45,Budget,True,2025-09-17
315,Daniel,Bell,qoneill@example.net,0289062715,Mosman,46-55,Premium,True,2024-03-28
316,Susan,Ortiz,johnjones@example.net,0589 5207,Liverpool,46-55,Regular,True,2024-10-07
317,Marcus,Dean,steven08@example.net,4126.7207,Kogarah,36-45,Premium,True,2023-12-31
318,Dawn,Marshall,kerryweaver@example.com,+61.492.541.107,Ultimo,18-25,Regular,False,2025-02-12
319,Jeremy,Schmitt,barberzachary@example.org,+61-8-6919-8255,Baulkham Hills,46-55,Regular,False,2025-04-05
320,Steve,Freeman,thomasbanks@example.net,07.0426.1610,Castle Hill,18-25,Regular,False,2025-01-19
321,Evan,Hoffman,krista72@example.net,+61 7 8653 7504,Campbelltown,26-35,Budget,False,2025-08-24
322,Sandra,Moran,tamarajohnson@example.com,(03)-3040-7960,Bella Vista,26-35,Regular,False,2025-04-01
323,Teresa,Brown,keith60@example.net,(02).0925.5955,Liverpool,18-25,Regular,True,2024-02-07
324,Dustin,Roberts,sdouglas@example.org,(08) 9140 8110,Rouse Hill,36-45,Regular,False,2024-05-08
325,Angela,Anderson,wboone@example.net,0492-681-696,Kellyville,26-35,Regular,False,2024-06-18
326,Pamela,Spears,nathan79@example.net,(08)-0894-8762,Parramatta,36-45,Regular,False,2025-03-23
327,Christina,Mann,alex17@example.org,+61 2 0498 1404,Castle Hill,18-25,Regular,True,2025-06-16
328,Charles,Dawson,jeffreybates@example.net,+61 7 9815 4341,Randwick,26-35,Premium,True,2023-04-18
329,Amy,Ferrell,elizabeth76@example.net,+61348507549,Campbelltown,36-45,Regular,True,2025-03-15
330,Rachel,Rogers,bradley23@example.net,(03)04912416,North Sydney,36-45,Regular,False,2024-11-01
331,Christine,Cline,campbellholly@example.net,02.0928.5539,Liverpool,36-45,Budget,True,2025-10-17
332,Karen,Douglas,joneschristopher@example.org,+61 447 291 222,North Sydney,36-45,Regular,True,2025-12-20
333,Ethan,Atkins,stephanie24@example.com,(03) 8783 1453,Ultimo,46-55,Regular,True,2025-09-08
334,Bradley,Murphy,haleandrew@example.com,7370-6250,Glebe,26-35,Regular,True,2024-10-22
335,Brandon,Hernandez,zsteele@example.org,(08).9605.4812,Cronulla,26-35,Regular,True,2024-12-20
336,Megan,Miller,joannstevens@example.net,+61.8.6394.2235,Miranda,18-25,Premium,True,2025-07-13
337,Debra,Mendoza,boothtiffany@example.net,+61.479.931.225,Strathfield,26-35,Budget,True,2025-04-02
338,David,Wolf,timothy74@example.com,0417.967.238,Bondi,36-45,Budget,True,2023-07-09
339,Amanda,Adkins,ramosmeghan@example.net,08.2560.3922,Hurstville,36-45,Budget,True,2025-08-30
340,Nicole,Grimes,stevensmegan@example.org,(08)-1944-1828,Blacktown,18-25,Budget,True,2025-06-17
341,Ashley,Huff,scott25@example.com,38034734,Glebe,46-55,Budget,False,2025-09-05
342,Sharon,Johnson,patrick21@example.net,(02) 5697 7577,Hurstville,18-25,Regular,False,2023-06-24
343,Christopher,Chambers,albertburke@example.net,(03).4030.5900,Hurstville,46-55,Regular,True,2023-09-04
344,Crystal,Oliver,martinezkyle@example.org,6236 7638,Coogee,26-35,Budget,False,2024-12-28
345,Evan,Smith,wanda03@example.org,+61251688821,Castle Hill,36-45,Regular,True,2023-10-23
346,Erin,King,dcarter@example.net,03.1106.2551,Castle Hill,55+,Premium,False,2025-01-15
347,Jason,Wells,munozamber@example.com,(03).7981.3448,Campbelltown,26-35,Regular,True,2024-01-07
348,Susan,Giles,kcampos@example.org,08.9259.9295,Miranda,26-35,Regular,True,2024-08-13
349,Jordan,Moss,vasquezsamuel@example.org,02-9381-3614,Strathfield,18-25,Regular,True,2025-05-18
350,Maurice,Rice,rhull@example.org,+61-7-3646-3921,Kellyville,46-55,Regular,True,2024-11-21
351,Michael,Flores,tracy96@example.net,+61 3 5632 0391,Manly,36-45,Budget,False,2026-03-05
352,Justin,Brown,ashley06@example.org,(03)-2108-2550,Campbelltown,26-35,Regular,False,2025-10-30
353,Susan,Sellers,nicole13@example.com,(08).7583.0088,Coogee,55+,Budget,True,2025-06-22
354,Lauren,Salinas,kjohnson@example.com,0427-252-037,Ultimo,36-45,Regular,True,2024-02-04
355,Jesse,Allison,justinhorn@example.com,(03)51726943,Maroubra,55+,Premium,False,2025-06-23
356,Laurie,Daniels,vduffy@example.org,+61.431.263.047,Baulkham Hills,55+,Premium,False,2023-07-18
357,Richard,Petersen,lunajessica@example.org,(02) 3485 2834,Newtown,55+,Budget,True,2025-08-28
358,Anthony,Chang,kellyroy@example.net,(03) 7626 8455,Miranda,36-45,Regular,True,2023-06-01
359,Melissa,Miller,popemichael@example.net,+61.8.6012.5193,Strathfield,55+,Regular,False,2025-06-03
360,Karen,Dixon,gregoryfernandez@example.net,+61-478-854-176,Campbelltown,36-45,Regular,True,2023-10-07
361,Mackenzie,Cunningham,beardmary@example.com,0814208859,Bondi,36-45,Regular,True,2024-06-20
362,Savannah,Howard,johnchen@example.org,08.4367.4962,Kogarah,55+,Regular,True,2023-03-29
363,Rachel,Smith,ipatterson@example.net,+61 3 4749 5586,Coogee,36-45,Regular,True,2026-02-17
364,Crystal,Jacobs,sgrant@example.com,(07)81200074,Dee Why,26-35,Premium,True,2024-08-12
365,Sheena,Jackson,qwilliams@example.net,0487.876.878,Rouse Hill,36-45,Regular,False,2026-02-03
366,Keith,Rodriguez,susan64@example.net,+61-7-5894-8695,Baulkham Hills,26-35,Regular,True,2025-09-25
367,John,Thomas,kevin96@example.net,0455-438-843,Bondi,55+,Regular,False,2025-12-21
368,Samantha,Rhodes,lgonzalez@example.net,0722.5308,Surry Hills,18-25,Regular,True,2025-12-03
369,Jesse,George,greid@example.org,08.0778.4168,Blacktown,36-45,Premium,True,2025-07-29
370,Kelsey,Brown,jessica47@example.net,0488-813-661,Campbelltown,36-45,Budget,True,2025-03-05
371,Olivia,Kline,cassidy48@example.org,0431 036 444,Kogarah,26-35,Regular,True,2025-06-07
372,Jason,Scott,mandy65@example.org,(07) 6433 8636,Maroubra,36-45,Regular,True,2023-12-27
373,Cindy,Curtis,edwin62@example.org,0408.860.004,Coogee,36-45,Regular,False,2023-04-10
374,Eric,Neal,ronaldhernandez@example.org,(08).3998.3093,Ultimo,55+,Regular,False,2025-09-13
375,Judith,Dalton,paul90@example.com,+61.7.2899.7393,Randwick,55+,Budget,True,2025-10-02
376,Terry,English,jorge53@example.org,0435.018.316,Coogee,18-25,Premium,False,2025-04-21
377,Connie,Alexander,theresa08@example.org,+61.2.2248.6725,Coogee,36-45,Regular,True,2024-11-28
378,Nicole,Bennett,diazryan@example.net,+61.7.5521.1527,Bella Vista,36-45,Premium,False,2025-07-05
379,Susan,Morales,cjones@example.org,+61222248656,Maroubra,26-35,Budget,True,2024-02-11
380,Heather,Douglas,phester@example.net,0443-301-746,Bondi,46-55,Regular,False,2026-02-07
381,Debra,Hansen,pcombs@example.org,0477.420.297,Maroubra,26-35,Budget,False,2026-01-20
382,Casey,Brooks,znash@example.net,+61700615445,Cronulla,36-45,Budget,False,2026-03-02
383,Christopher,Zimmerman,amyallen@example.com,+61 421 850 375,Kogarah,18-25,Regular,True,2023-12-12
384,Brianna,Gardner,rachelberry@example.org,+61 2 5842 4256,Ultimo,46-55,Regular,True,2024-10-16
385,Dan,Perkins,bensoncourtney@example.com,+61.421.702.196,Blacktown,18-25,Regular,True,2025-07-13
386,David,Haas,tharvey@example.net,0460 646 407,Manly,36-45,Regular,True,2025-10-09
387,Taylor,Larson,jonathan70@example.com,07.0613.7807,Hurstville,18-25,Regular,True,2025-08-30
388,Sonya,Howard,tannerbenitez@example.org,+61.8.7517.1579,Coogee,26-35,Budget,True,2025-01-16
389,Anna,Sanders,nphillips@example.net,(03).4675.5302,Randwick,26-35,Budget,False,2023-04-16
390,Angel,Benson,joshuaandersen@example.com,0421-993-087,Cronulla,36-45,Budget,True,2025-06-20
391,Emily,Hahn,turnerjennifer@example.com,11872612,Penrith,55+,Budget,False,2026-01-01
392,Mark,Vincent,rwoods@example.org,4208 1203,Hurstville,46-55,Regular,True,2026-03-21
393,Elizabeth,Mclaughlin,stephanie92@example.org,+61273993826,Campbelltown,18-25,Regular,True,2025-04-06
394,Christina,Dean,kristynewton@example.com,(08).5294.1358,Baulkham Hills,26-35,Budget,True,2026-01-14
395,Brad,Ball,lgarcia@example.net,+61.417.643.745,Campbelltown,55+,Premium,False,2025-12-25
396,Cynthia,Rodriguez,sbryan@example.net,08-8219-8332,Kogarah,36-45,Regular,True,2023-08-10
397,Dawn,Patterson,jpatel@example.org,(03)47728008,Ultimo,18-25,Regular,True,2025-07-03
398,Alejandro,Baker,howardbridget@example.net,0462-214-892,Burwood,55+,Regular,True,2025-04-24
399,Jacob,Craig,dawn44@example.net,+61.449.608.442,Manly,26-35,Regular,False,2023-09-15
400,Joseph,Velazquez,martinchristopher@example.net,+61-2-5135-6662,Surry Hills,55+,Budget,True,2024-12-04
401,Jaclyn,Soto,richard30@example.com,+61 420 025 797,Bondi,36-45,Budget,True,2026-03-10
402,Erica,Jackson,paul77@example.org,0447.263.610,Strathfield,18-25,Budget,False,2025-11-22
403,Christopher,Johnson,zmerritt@example.org,+61 3 4078 5616,Randwick,46-55,Budget,True,2025-09-01
404,Samuel,Blake,medinadaniel@example.net,+61701674391,Manly,55+,Premium,False,2024-03-01
405,Amy,Mitchell,zochoa@example.net,5556 2058,Castle Hill,36-45,Budget,False,2024-11-29
406,Sharon,Hensley,jasoncraig@example.com,+61750664385,Kellyville,18-25,Regular,True,2025-07-24
407,Rebecca,Mason,lindsey57@example.com,0485.474.838,Campbelltown,36-45,Regular,True,2023-05-14
408,Wesley,Phillips,yhall@example.com,+61-7-9795-2046,Rouse Hill,36-45,Regular,False,2024-06-19
409,Cynthia,Marquez,barryjeffrey@example.com,+61802072671,Parramatta,46-55,Regular,False,2025-05-29
410,Robert,Kirk,tolson@example.org,+61-3-6602-8518,Kogarah,26-35,Regular,False,2023-04-18
411,Daniel,Arnold,kevinfisher@example.net,(02) 5169 4982,Parramatta,36-45,Regular,True,2024-05-12
412,Brandy,Hanna,mhurley@example.net,+61-452-553-247,Coogee,26-35,Regular,True,2024-03-13
413,James,Mccarthy,ddixon@example.com,+61-7-8739-0111,Bondi,26-35,Regular,True,2025-12-19
414,Zachary,Alexander,lisaolsen@example.com,03.3963.8178,Dee Why,46-55,Budget,True,2023-12-31
415,Dustin,Castillo,susanjones@example.com,07 9889 5105,Liverpool,36-45,Regular,True,2024-08-04
416,Raymond,Lopez,garciajames@example.net,(08)13263145,Dee Why,26-35,Regular,True,2025-04-16
417,Lauren,Willis,jennifer53@example.org,(02)78568287,Hurstville,18-25,Budget,True,2024-03-07
418,Brian,Ayala,swilliams@example.net,+61-2-3792-0704,Penrith,55+,Regular,True,2023-04-01
419,Latasha,Ward,kristinaespinoza@example.org,+61 459 788 597,Manly,46-55,Budget,False,2023-09-11
420,James,Boyd,zachary12@example.org,01057248,Miranda,26-35,Budget,False,2023-07-13
421,Antonio,French,fvargas@example.net,+61.415.840.552,Coogee,36-45,Regular,True,2025-06-01
422,Dakota,Walsh,nicole90@example.net,+61 480 408 422,Newtown,46-55,Budget,True,2025-09-27
423,Kyle,Smith,jamesdavis@example.com,+61.2.4622.3331,Parramatta,26-35,Regular,True,2024-05-04
424,Kenneth,Thomas,christopherriddle@example.org,+61 428 467 236,Hurstville,36-45,Premium,True,2024-08-25
425,Robert,Zavala,wilsonjasmine@example.org,0279547155,Dee Why,18-25,Regular,True,2023-12-19
426,Jean,Henry,melissa87@example.org,0499.744.566,Burwood,46-55,Regular,True,2024-02-27
427,James,Moore,david38@example.org,(08)22644015,Kogarah,26-35,Premium,True,2024-04-23
428,Larry,Roberts,wolfejacqueline@example.net,2361-2257,Randwick,55+,Budget,True,2023-05-03
429,Kendra,Taylor,lcooper@example.com,9866 6609,Newtown,26-35,Premium,True,2026-01-25
430,Elizabeth,Price,xthomas@example.org,08.4426.2120,North Sydney,55+,Regular,False,2025-07-10
431,Margaret,Garcia,ctucker@example.net,(02).8552.4015,Mosman,18-25,Budget,False,2024-08-11
432,Brian,Castro,ashley48@example.net,0318362917,Strathfield,46-55,Premium,False,2024-05-12
433,Susan,Jackson,garnerbradley@example.org,0428 893 001,Coogee,18-25,Budget,False,2024-09-18
434,Donald,Davis,lisapayne@example.net,0428-600-738,Campbelltown,36-45,Regular,True,2024-11-05
435,Ruth,Griffin,teresahart@example.com,0416 173 277,Baulkham Hills,26-35,Regular,True,2025-08-12
436,Jeffrey,Ramirez,madeline03@example.com,07.6555.6947,Bella Vista,46-55,Budget,True,2025-04-13
437,Jessica,Sandoval,kmclaughlin@example.org,7394.6405,Cronulla,46-55,Budget,True,2023-12-04
438,Garrett,Moore,cobbandrew@example.net,53598656,Glebe,18-25,Premium,True,2024-12-21
439,Jeffrey,Henry,karen65@example.org,08-7188-6650,Penrith,46-55,Regular,True,2024-03-04
440,Kevin,Johnson,cwatkins@example.org,(03).4818.2447,Miranda,46-55,Premium,True,2025-08-13
441,Emily,Newton,cooperjacqueline@example.org,02.0587.4462,Penrith,46-55,Regular,True,2024-10-13
442,Kim,Henderson,richard25@example.net,(07) 7468 4969,Penrith,26-35,Premium,False,2024-07-12
443,Kenneth,Juarez,masseyjoseph@example.com,+61.3.2560.3348,Manly,26-35,Premium,False,2025-11-25
444,Derrick,Arroyo,vmartinez@example.org,0490-382-171,Strathfield,36-45,Regular,True,2025-02-07
445,Jillian,Little,zjohnson@example.org,+61-3-0308-6552,Strathfield,36-45,Budget,True,2024-12-21
446,Stephanie,Ortega,garciajennifer@example.net,07-6686-1127,Manly,18-25,Regular,False,2024-11-07
447,Cynthia,Hawkins,mariareed@example.com,(03) 6497 8800,Penrith,46-55,Regular,False,2023-11-09
448,Michelle,Estrada,joshua20@example.com,57036774,Bella Vista,18-25,Regular,True,2025-10-22
449,Bruce,Holland,villadana@example.net,+61717311807,Mosman,26-35,Regular,True,2023-07-28
450,Shannon,Brooks,danielwilliams@example.com,(02).5654.0657,Rouse Hill,26-35,Regular,False,2024-05-31
451,Robert,Frank,eadams@example.com,(03) 6353 6599,Liverpool,26-35,Regular,True,2023-12-19
452,Derek,Marquez,morganamy@example.com,+61.436.559.778,Blacktown,46-55,Regular,False,2025-01-30
453,Edward,Johnson,aprilperkins@example.net,0457-781-440,Bondi,26-35,Budget,True,2025-08-24
454,Eric,Ferrell,nmills@example.com,03.0518.4419,Blacktown,55+,Budget,True,2025-11-12
455,Christina,Wells,cody50@example.com,+61 7 7256 4630,Bella Vista,26-35,Regular,True,2024-03-25
456,Brian,Austin,mark49@example.net,(03)00088641,Randwick,26-35,Regular,True,2023-11-07
457,Karen,Shaw,knichols@example.org,+61 431 607 836,Campbelltown,26-35,Regular,True,2026-02-22
458,Michael,Boyd,jerryyoung@example.org,63909600,Castle Hill,55+,Regular,False,2026-03-07
459,Richard,Wilson,david38@example.com,(08).7888.4304,North Sydney,26-35,Premium,False,2025-05-26
460,Joseph,Riddle,qgarcia@example.com,07-0543-7681,Surry Hills,26-35,Budget,True,2024-04-21
461,Leslie,Koch,lbryan@example.org,03-2442-9891,Campbelltown,26-35,Regular,True,2023-11-13
462,Scott,Baker,berryrebecca@example.org,0419.482.502,Bondi,36-45,Budget,True,2024-07-30
463,Debra,Larson,knguyen@example.net,(07)-9751-5724,Kogarah,36-45,Regular,True,2024-03-14
464,Rebecca,Hines,phillip30@example.com,0400 710 067,Parramatta,18-25,Regular,True,2025-04-07
465,Brian,Smith,jenniferrobertson@example.com,+61.493.915.756,Coogee,18-25,Budget,False,2025-03-13
466,Ryan,Wilson,ymedina@example.com,+61.430.605.054,Miranda,18-25,Premium,True,2023-06-11
467,Benjamin,Roman,amercado@example.com,2451 2142,Hurstville,26-35,Regular,True,2026-02-01
468,Nathan,Thomas,shepherdmeredith@example.net,(02)87769595,Cronulla,36-45,Budget,False,2024-11-23
469,Brooke,Hicks,hestertonya@example.com,(02) 5414 0422,Surry Hills,18-25,Regular,True,2024-06-16
470,Amanda,Trevino,mmitchell@example.com,0488 688 326,Randwick,55+,Premium,False,2025-09-03
471,Brittany,Dominguez,jacksonadam@example.org,(02)-9335-1661,Castle Hill,55+,Premium,False,2025-07-03
472,Louis,Kennedy,wrightsara@example.net,63706247,Penrith,26-35,Regular,False,2025-06-16
473,Stacey,Gates,tracyjones@example.org,(08)20349567,Castle Hill,26-35,Regular,True,2023-06-12
474,Robert,Johnson,adunn@example.org,9561-3102,Hurstville,26-35,Regular,False,2023-04-20
475,Corey,Griffith,jessicajames@example.com,03 8150 1319,Glebe,26-35,Regular,True,2023-03-31
476,Chad,Freeman,millerchristopher@example.org,96420069,Hurstville,26-35,Regular,True,2023-09-28
477,Joy,Thomas,duffyamanda@example.net,(02)73456819,Maroubra,55+,Budget,False,2024-07-19
478,John,Austin,holly60@example.org,(02).1808.1219,Penrith,26-35,Budget,False,2026-01-21
479,Sarah,Green,brianhoffman@example.org,0476 124 196,Liverpool,18-25,Premium,False,2025-08-22
480,Dustin,Thomas,ericcuevas@example.com,3475-6820,Parramatta,55+,Regular,False,2023-10-03
481,Marc,Ramos,caseylee@example.com,89672390,Miranda,46-55,Budget,False,2025-03-15
482,Courtney,Hammond,scottmichelle@example.org,(02).9444.3357,Parramatta,36-45,Regular,False,2025-05-31
483,Sarah,Ortiz,james79@example.org,0425-971-048,Mosman,46-55,Premium,False,2024-07-05
484,Lawrence,Decker,ryanowen@example.net,+61 424 690 000,Coogee,46-55,Regular,True,2024-06-30
485,Steven,Hernandez,traci55@example.org,2778-1531,Baulkham Hills,18-25,Regular,True,2023-11-19
486,Carolyn,Green,mariah70@example.org,07-9065-4893,Miranda,26-35,Regular,False,2023-09-23
487,Jenna,Wilson,joycedawn@example.com,+61.461.798.929,Bondi,26-35,Regular,True,2023-07-11
488,Peter,Glover,ghickman@example.com,(03)51560008,Burwood,36-45,Regular,False,2024-12-21
489,Julie,Haley,sullivanmichael@example.net,4070.1934,Castle Hill,26-35,Premium,True,2024-11-26
490,Melinda,Thomas,stevenbyrd@example.com,+61.3.5206.9686,Hurstville,46-55,Premium,True,2023-08-31
491,Morgan,Wilkins,davisalyssa@example.org,(03) 4188 2289,Pyrmont,18-25,Budget,True,2023-12-23
492,Lauren,Crawford,davidsarah@example.com,7412-8388,Pyrmont,18-25,Premium,True,2026-01-10
493,Erica,Hernandez,michael70@example.net,(03).9396.2663,Pyrmont,18-25,Regular,True,2023-06-15
494,Susan,Edwards,matthewlam@example.org,(02).0703.5661,Rouse Hill,26-35,Regular,True,2023-11-27
495,Mark,Moore,bowenjohn@example.com,0457.840.947,Kogarah,55+,Budget,False,2026-03-14
496,Douglas,Brooks,rbell@example.org,+61.411.393.054,Burwood,26-35,Premium,True,2024-04-25
497,Jessica,Smith,samanthajarvis@example.com,8333-0986,Ultimo,18-25,Regular,True,2024-10-12
498,Linda,Miles,johnroberts@example.net,03 4962 9686,Castle Hill,18-25,Regular,True,2024-05-05
499,Tiffany,Nichols,john79@example.org,(08)59911659,Cronulla,36-45,Regular,True,2024-12-29
500,Ross,Mendoza,mooremanuel@example.org,0361538745,Mosman,26-35,Regular,False,2025-06-10
501,Elizabeth,Gillespie,kimberly58@example.org,+61-7-6406-8546,Dee Why,26-35,Budget,False,2025-05-07
502,Robert,Jones,jterry@example.com,0760102351,Campbelltown,26-35,Budget,True,2023-07-01
503,Felicia,White,fpeterson@example.net,0489 896 613,Parramatta,55+,Budget,True,2023-11-21
504,Sonya,Brown,christian73@example.org,(03).4442.2488,Maroubra,46-55,Regular,True,2025-10-28
505,Alyssa,Glenn,daniel75@example.com,+61-2-9624-8340,North Sydney,18-25,Regular,True,2023-09-01
506,James,Anderson,karenmooney@example.com,0415 801 503,Burwood,46-55,Premium,False,2025-05-20
507,Timothy,Meadows,kimcatherine@example.org,+61 3 0181 4331,Dee Why,46-55,Budget,True,2025-11-12
508,Krystal,Arnold,luissalinas@example.org,13410801,Burwood,36-45,Regular,True,2023-09-20
509,Stephen,Johnson,paul37@example.net,6303.6423,Hurstville,26-35,Regular,True,2024-04-23
510,Natasha,Simpson,sestrada@example.net,7887-9295,Maroubra,26-35,Regular,False,2024-11-15
511,Paula,Waters,estessarah@example.net,0497 946 604,Randwick,18-25,Budget,False,2023-05-14
512,Steven,Walsh,zperry@example.com,+61 3 9978 7415,Pyrmont,46-55,Regular,True,2023-08-28
513,Donald,Sutton,troysnyder@example.org,0297387792,Maroubra,55+,Regular,True,2025-10-19
514,Anita,Sawyer,michaelmatthews@example.com,(02).9821.9232,Castle Hill,36-45,Premium,True,2025-11-02
515,Jason,Lindsey,woodscrystal@example.com,+61807782144,Dee Why,26-35,Regular,False,2025-01-04
516,Dean,English,webercristina@example.com,(07) 8812 6963,North Sydney,55+,Regular,True,2025-06-17
517,Jimmy,Nguyen,njones@example.com,07 3861 1824,Pyrmont,46-55,Regular,True,2023-07-11
518,Theresa,Jimenez,thomasdavis@example.org,(03)05513833,Dee Why,46-55,Regular,True,2024-02-21
519,David,Harrington,rodriguezsusan@example.net,+61.452.506.538,Dee Why,46-55,Regular,True,2024-10-07
520,Tony,Arnold,martinteresa@example.com,+61803783856,Castle Hill,46-55,Premium,True,2024-06-10
521,Dakota,Graham,jeremymoore@example.com,1466.5884,Burwood,46-55,Budget,False,2023-06-16
522,Corey,Duran,hansonmisty@example.org,+61377841167,Randwick,26-35,Regular,False,2026-03-09
523,Shawn,Baker,carrvalerie@example.net,+61 3 1770 8731,Castle Hill,26-35,Premium,True,2024-05-27
524,Pamela,Hopkins,cynthiachang@example.net,0286324145,Mosman,18-25,Regular,True,2023-06-17
525,Courtney,Walters,travis90@example.org,+61754182046,Mosman,18-25,Regular,True,2023-12-06
526,Chase,Rivera,ghoward@example.com,(07)-8595-8597,Maroubra,18-25,Budget,True,2026-01-21
527,Patricia,Reyes,donnasullivan@example.org,0876050385,Blacktown,36-45,Regular,False,2024-10-05
528,Amy,Schneider,schultzdaniel@example.net,+61 412 975 256,Cronulla,26-35,Regular,True,2025-03-27
529,Cynthia,Schaefer,tboyd@example.org,1076-8303,Rouse Hill,36-45,Premium,False,2025-05-30
530,Samantha,Vazquez,adamgallagher@example.com,(02)57752017,Bella Vista,36-45,Premium,True,2023-07-30
531,Matthew,Salazar,nicolewaters@example.org,07.2664.1064,Penrith,26-35,Premium,False,2024-10-15
532,Paula,Hall,jennifer90@example.net,(02)22717695,Manly,36-45,Regular,True,2024-10-14
533,Maria,Shannon,woodsjennifer@example.net,+61-3-6650-3182,Strathfield,36-45,Budget,False,2025-05-17
534,Raymond,Salazar,hguerrero@example.net,7607.0042,Randwick,26-35,Regular,True,2023-07-02
535,Gina,Brown,patricia72@example.com,5563 8551,Cronulla,18-25,Regular,True,2023-07-05
536,Andrew,Meyer,dawncline@example.net,08-2128-5004,Blacktown,46-55,Budget,True,2025-09-14
537,Alexandria,Molina,wallacemichael@example.com,0835 9838,Manly,46-55,Regular,False,2025-05-22
538,Belinda,Morris,patrick58@example.com,0886812121,Parramatta,18-25,Premium,False,2023-12-24
539,Susan,Valdez,dsimmons@example.net,0435-175-097,Newtown,26-35,Regular,True,2024-10-22
540,Stacy,Ingram,kristenmoore@example.com,(02)-4255-3037,Maroubra,46-55,Budget,True,2025-02-18
541,David,Hartman,gilbertturner@example.net,8691.7775,Maroubra,18-25,Budget,False,2026-01-16
542,Denise,Vazquez,regina30@example.com,9539-2290,Randwick,46-55,Premium,False,2025-05-19
543,Andrew,Saunders,mejiadavid@example.org,08.2129.9686,Manly,18-25,Budget,False,2026-01-28
544,Debbie,Black,guerreroalexander@example.net,(08) 8259 3826,Rouse Hill,55+,Regular,True,2025-09-05
545,David,Evans,farleysarah@example.net,03-7053-7696,Dee Why,46-55,Premium,False,2023-05-08
546,Chad,Lucas,myersvictoria@example.net,(07)-2055-6192,Castle Hill,46-55,Regular,False,2024-12-01
547,Mary,Page,kenneth24@example.net,0891285565,Parramatta,36-45,Budget,False,2023-04-29
548,Michael,Macias,jillbyrd@example.net,9977-9749,Maroubra,26-35,Regular,True,2025-02-22
549,Ann,Kim,kmunoz@example.org,08-9854-9593,Hurstville,26-35,Regular,False,2026-01-27
550,Thomas,Richards,vmorris@example.org,(07)54548512,Ultimo,55+,Budget,False,2025-07-01
551,Angelica,Richardson,umoreno@example.net,+61878390186,Rouse Hill,36-45,Regular,True,2023-07-16
552,Paul,Pruitt,ashley53@example.com,+61 8 9822 9270,Hurstville,26-35,Regular,False,2025-02-20
553,Kimberly,Duncan,grantbradley@example.com,4089-4960,Bondi,18-25,Regular,True,2023-08-12
554,Kimberly,Carey,heather59@example.com,(07)-0343-9982,Dee Why,18-25,Budget,False,2024-09-07
555,Kimberly,Johnson,moorekim@example.net,+61.2.9422.1820,Coogee,46-55,Regular,False,2025-09-05
556,Diana,Short,farmerjuan@example.org,(08)84377453,Bondi,26-35,Premium,False,2023-06-26
557,Billy,White,pchan@example.com,0436-876-631,Kogarah,55+,Regular,False,2023-07-20
558,Robert,Wilson,mcdonalddanielle@example.org,3229 5982,Castle Hill,36-45,Regular,True,2024-07-06
559,Francisco,Scott,gmoody@example.com,+61.408.341.043,Bondi,26-35,Budget,True,2025-10-30
560,Paul,Parsons,alejandrowatkins@example.com,0468 617 589,Maroubra,46-55,Budget,False,2024-01-24
561,Christian,Torres,bestnatasha@example.com,+61.3.5792.4620,Newtown,18-25,Budget,True,2026-01-21
562,Daniel,Moore,alimichael@example.org,0421-978-987,Bella Vista,46-55,Regular,True,2023-05-14
563,Erin,Miranda,jmanning@example.net,(07)30332902,Blacktown,55+,Budget,False,2025-06-25
564,Stephanie,White,leslie91@example.org,+61-419-663-871,Parramatta,46-55,Budget,True,2025-01-07
565,Katherine,Cooper,amandamcdonald@example.org,+61816972221,Liverpool,18-25,Regular,True,2023-12-28
566,Aaron,Taylor,samuel44@example.com,+61.7.7718.2493,Mosman,36-45,Regular,False,2023-06-24
567,Kristina,Williams,macdonaldsusan@example.net,(07) 2272 3829,Strathfield,18-25,Premium,True,2025-07-11
568,Tracy,Robinson,matthewalvarado@example.org,+61 2 4727 4893,Ultimo,36-45,Regular,True,2025-02-02
569,John,Cole,pcunningham@example.net,+61-434-726-677,Hurstville,26-35,Premium,False,2024-02-29
570,William,Wilson,brettrose@example.com,(03)-0191-7568,Bondi,18-25,Regular,False,2024-01-15
571,Chad,Campbell,austinbrown@example.org,+61-470-033-818,Pyrmont,26-35,Budget,True,2025-07-30
572,Daniel,Aguilar,hopkinsangela@example.com,5052.1359,Strathfield,55+,Premium,True,2024-04-04
573,Justin,Aguilar,usmith@example.net,8665-2434,Cronulla,36-45,Regular,False,2025-12-18
574,Juan,Dixon,mariathomas@example.net,+61 467 287 415,Bella Vista,26-35,Regular,False,2025-06-15
575,Michael,Mitchell,annadelgado@example.org,(08)86969906,Kellyville,18-25,Budget,True,2025-04-20
576,Jennifer,Thompson,villarrealjose@example.net,+61 426 683 113,North Sydney,55+,Regular,True,2024-08-01
577,Susan,Villarreal,jeffrey93@example.com,+61-401-991-705,Strathfield,18-25,Regular,True,2023-04-09
578,Katelyn,Snyder,robbinsmelinda@example.net,7222 7265,Miranda,55+,Premium,False,2023-04-28
579,Stacey,Mccullough,dhicks@example.org,0476 740 854,Blacktown,36-45,Regular,False,2023-12-17
580,Sara,Kelley,fgibson@example.net,(07)63147302,Strathfield,18-25,Budget,False,2025-05-14
581,Stephanie,Andersen,qgonzalez@example.com,02-1399-4419,Mosman,18-25,Regular,True,2023-05-28
582,John,Johnson,dnguyen@example.net,18198664,North Sydney,55+,Premium,False,2023-12-12
583,Julie,Anderson,chavezvincent@example.com,0464.787.134,North Sydney,36-45,Premium,True,2023-06-11
584,Joseph,Gray,hunterpaula@example.org,07-5926-4902,Surry Hills,36-45,Premium,True,2024-11-28
585,Kevin,Tate,joshuaturner@example.net,0431 191 221,Castle Hill,26-35,Regular,False,2026-01-11
586,Haley,Beck,pesparza@example.com,0246713892,Manly,46-55,Premium,True,2025-08-13
587,Paul,Valdez,josephyoung@example.org,(03) 6376 7602,Liverpool,18-25,Premium,False,2025-07-04
588,Evan,Rodriguez,potterkelly@example.org,+61894336841,Randwick,26-35,Regular,False,2024-05-04
589,Joel,Martinez,kimberly99@example.com,0412 516 137,Campbelltown,46-55,Regular,False,2024-07-09
590,Ian,Garcia,youngmark@example.com,+61.8.6977.7504,Penrith,18-25,Regular,True,2025-07-04
591,Benjamin,Wilson,kellyjones@example.org,0416-455-593,Campbelltown,36-45,Regular,True,2024-10-22
592,Frank,Buckley,colemanpatricia@example.com,0482.843.238,Hurstville,18-25,Premium,True,2026-03-15
593,Margaret,Chung,kathleenjones@example.org,(03).5713.5684,Coogee,36-45,Budget,True,2024-04-18
594,Nancy,Bridges,cartermichelle@example.net,0461 437 665,Ultimo,46-55,Budget,False,2025-08-24
595,Eugene,Robinson,phurst@example.net,+61 480 573 786,Miranda,55+,Regular,True,2025-11-03
596,Christopher,Lucas,brandoncox@example.org,02-2360-9614,Liverpool,46-55,Regular,True,2025-08-08
597,Bethany,Ferguson,kstafford@example.net,0485 228 589,Coogee,26-35,Regular,True,2025-12-18
598,Sarah,Shelton,oestes@example.net,(08).8405.4121,Parramatta,26-35,Premium,True,2024-09-02
599,Evan,Bates,michaelhubbard@example.com,(02)-1773-1604,Penrith,46-55,Premium,False,2024-01-19
600,Daniel,Cole,ywilliams@example.net,0205262118,Penrith,18-25,Regular,False,2025-04-05
601,Daniel,Anderson,uwest@example.org,+61-437-338-095,Bella Vista,55+,Premium,False,2024-11-11
602,Stephanie,Bell,kevinmoore@example.net,+61816906644,Penrith,26-35,Regular,False,2025-06-17
603,Katie,Ford,jeffreyhopkins@example.org,08-8428-1613,Baulkham Hills,18-25,Regular,True,2023-12-04
604,Bryce,Thompson,jeffreybautista@example.net,0416 336 257,Parramatta,26-35,Regular,True,2025-02-09
605,Melissa,Baker,katelynwise@example.net,41195570,Glebe,46-55,Budget,False,2026-02-12
606,Teresa,Russell,martin61@example.net,5037 3975,Chatswood,18-25,Regular,True,2023-06-26
607,Amanda,Parker,taylor96@example.org,(03) 7843 7905,Maroubra,46-55,Regular,True,2025-05-01
608,Amanda,Collins,williamsolivia@example.com,0457 314 820,Maroubra,55+,Budget,False,2026-01-18
609,Jose,Mclean,kdunn@example.org,+61.496.199.694,Ultimo,18-25,Regular,True,2024-11-21
610,Catherine,Roberts,erica04@example.net,+61-447-792-368,Strathfield,46-55,Budget,False,2025-03-18
611,Tony,Anderson,sarah52@example.net,5965-1884,Miranda,36-45,Budget,False,2023-12-27
612,Aaron,Kelly,yvonnejones@example.net,4684-1088,Blacktown,36-45,Regular,True,2023-08-18
613,Robert,Flynn,dvillegas@example.com,0241941473,Ultimo,46-55,Premium,False,2024-11-17
614,Gina,Ferguson,craig67@example.org,0423 084 256,Hurstville,55+,Regular,False,2023-05-08
615,Eric,Fischer,dennis38@example.net,+61 487 159 400,Coogee,18-25,Budget,True,2024-03-30
616,Shawn,Parrish,jamesgomez@example.org,54441181,Manly,36-45,Premium,True,2026-01-09
617,Jamie,Hayes,rfreeman@example.org,03.0197.7258,Bella Vista,46-55,Regular,False,2024-08-20
618,Anna,Gonzales,natasha78@example.net,+61886267514,Dee Why,26-35,Premium,True,2023-10-05
619,Blake,Cummings,flemingcarl@example.net,0326074083,Ultimo,18-25,Regular,True,2024-11-14
620,David,Willis,aschmidt@example.org,(03)14677590,Randwick,26-35,Budget,True,2024-10-21
621,Virginia,Riley,davidmartin@example.org,0394-9879,Liverpool,46-55,Premium,False,2023-06-29
622,Sheri,Wilkerson,eperez@example.org,+61.8.6849.4024,Baulkham Hills,46-55,Regular,True,2024-12-09
623,Tammy,Morris,angel07@example.com,(02)78238109,Ultimo,18-25,Regular,True,2026-01-08
624,Jacob,Krause,christopher38@example.com,+61.425.103.540,Burwood,26-35,Budget,True,2023-07-06
625,Brittany,Garcia,brentscott@example.net,0477-601-527,Rouse Hill,36-45,Regular,True,2025-05-16
626,Jasmine,Pierce,helensolis@example.org,0479-722-114,Pyrmont,46-55,Premium,True,2025-06-21
627,Travis,Paul,natalie31@example.org,+61.8.9865.3632,Ultimo,26-35,Regular,False,2025-11-26
628,Kevin,Richard,qbaird@example.net,+61.3.3846.1710,Maroubra,36-45,Budget,True,2023-03-31
629,Jack,Rice,evansnatalie@example.org,0246838189,Blacktown,55+,Regular,True,2023-10-13
630,Jennifer,Perez,reginagarrison@example.org,+61 2 9577 9853,Pyrmont,18-25,Regular,True,2025-11-25
631,Jessica,Carter,regina94@example.com,31327255,Baulkham Hills,46-55,Regular,True,2024-04-27
632,Jennifer,Thompson,greenjason@example.net,08-3387-6041,Parramatta,26-35,Budget,True,2024-08-14
633,Michelle,Perkins,patelwendy@example.org,9381 2578,Kellyville,18-25,Regular,True,2025-07-30
634,Maria,Joseph,jwolfe@example.org,+61-432-275-146,Bondi,26-35,Regular,True,2025-10-05
635,Felicia,Taylor,wspencer@example.net,+61 457 655 958,Mosman,18-25,Premium,False,2024-07-12
636,David,Silva,theresa67@example.net,8209 3323,Strathfield,55+,Regular,True,2025-12-30
637,Gina,Brooks,swest@example.net,(02)-1766-9638,Castle Hill,46-55,Regular,False,2024-07-10
638,Felicia,Fuentes,ppennington@example.com,(07).1982.1894,Bella Vista,36-45,Regular,True,2025-04-18
639,Gabriel,Rios,bscott@example.org,+61256997855,Chatswood,36-45,Premium,False,2025-11-09
640,Karen,Jackson,sarahharrison@example.com,0492.343.893,Newtown,46-55,Regular,True,2024-11-18
641,Ronald,Stewart,mary54@example.org,03.4647.1154,Parramatta,18-25,Regular,True,2026-03-13
642,Andrew,Jones,ejones@example.net,+61 463 672 894,Miranda,55+,Regular,False,2024-02-11
643,Andrea,Miles,robertpierce@example.org,0704790165,North Sydney,55+,Budget,True,2024-07-12
644,Charles,Woods,paul92@example.net,(08).6020.3862,Maroubra,26-35,Regular,True,2025-06-10
645,Ryan,Young,andrewsdaniel@example.org,+61743493741,Hurstville,46-55,Budget,True,2026-01-30
646,Carl,Miller,johnroach@example.org,+61.414.802.982,Baulkham Hills,55+,Budget,True,2025-04-26
647,Angela,Smith,patriciaparrish@example.org,83026354,Parramatta,36-45,Premium,True,2024-11-14
648,Daniel,Davis,iellis@example.org,+61805864009,Surry Hills,36-45,Premium,False,2024-05-23
649,Nicholas,Johnson,heatherperry@example.com,+61-7-3090-1805,Castle Hill,18-25,Regular,False,2024-07-27
650,Courtney,Blackburn,qliu@example.net,+61-7-2221-3904,Newtown,18-25,Regular,False,2024-10-19
651,Shawn,Humphrey,colleen87@example.net,+61.2.7640.6195,Rouse Hill,36-45,Regular,True,2024-05-27
652,Evelyn,Novak,fishercarlos@example.com,7959 9771,Maroubra,18-25,Regular,True,2024-09-06
653,Matthew,Vega,melissalowery@example.org,+61344777382,Kogarah,55+,Budget,False,2024-07-04
654,Melinda,Cervantes,ramirezchristopher@example.org,07.3258.4691,Parramatta,46-55,Regular,False,2023-09-26
655,Monica,Duncan,swatkins@example.net,62473981,Penrith,36-45,Budget,True,2025-12-29
656,Bianca,James,krystalnash@example.org,(07) 4560 1225,Ultimo,26-35,Premium,False,2024-06-01
657,Erica,Esparza,rmiller@example.com,+61774451804,Rouse Hill,55+,Budget,True,2024-09-23
658,Rachel,Gomez,vaughanclifford@example.org,0472-425-890,Bella Vista,46-55,Regular,True,2024-11-10
659,Jeremy,Thomas,mccormickkelly@example.org,+61 408 437 382,Bella Vista,36-45,Regular,True,2025-05-15
660,Carolyn,Miller,autumn53@example.com,03.6965.0397,Chatswood,26-35,Budget,True,2023-05-02
661,Robin,Schmidt,meyerjoshua@example.org,(02).6054.1586,Dee Why,18-25,Regular,False,2023-05-18
662,Sarah,Alvarado,youngwilliam@example.org,07.1976.2525,Liverpool,46-55,Regular,True,2024-12-11
663,Jennifer,Mccall,emma24@example.com,7938.9602,Kogarah,26-35,Premium,True,2023-05-17
664,Christina,Montgomery,devincarpenter@example.com,8972-0591,North Sydney,36-45,Premium,True,2023-04-21
665,Nicholas,Carrillo,briansalazar@example.com,08-1382-9688,Parramatta,36-45,Budget,True,2023-08-08
666,Daniel,Hill,mark06@example.com,+61 3 7292 7183,Chatswood,26-35,Premium,True,2024-05-19
667,Mary,Stewart,ybruce@example.com,02.8070.4644,Parramatta,46-55,Regular,False,2024-10-16
668,Matthew,Torres,katherinesmith@example.org,+61 2 8257 4735,Chatswood,36-45,Regular,True,2024-08-01
669,Larry,Nguyen,vargasdanielle@example.org,(07) 8316 3254,Manly,55+,Premium,False,2026-03-13
670,Tanner,Castillo,rachaelmitchell@example.com,08-4327-6127,Newtown,18-25,Regular,True,2023-03-31
671,Brenda,Mcconnell,chad44@example.net,1307.8056,Burwood,26-35,Regular,True,2023-03-31
672,Brittney,King,heberttoni@example.net,+61-2-5737-0771,Ultimo,18-25,Premium,True,2024-10-31
673,Jamie,Thomas,rachel40@example.com,0410.195.570,Blacktown,18-25,Regular,True,2025-11-22
674,James,Reeves,jasonschmidt@example.org,+61.477.079.978,Bondi,46-55,Regular,True,2024-12-11
675,Christine,Price,sandramartinez@example.net,6456-6036,Kellyville,36-45,Premium,True,2025-11-27
676,Joseph,Smith,heatherlewis@example.org,3369.7440,North Sydney,55+,Regular,True,2024-09-06
677,Rachel,Moore,michaelfrank@example.com,07 5726 9682,Dee Why,36-45,Regular,True,2025-01-14
678,Mark,Mclaughlin,akelly@example.net,08 2582 6097,Ultimo,46-55,Regular,True,2025-03-16
679,Dawn,Garza,ann21@example.org,(03)-0035-2513,Castle Hill,36-45,Budget,True,2024-12-21
680,Todd,Rodriguez,danderson@example.net,(03)15001445,Baulkham Hills,26-35,Regular,False,2024-08-24
681,Robin,Frazier,cameron81@example.com,+61-491-492-698,Maroubra,55+,Regular,True,2025-09-13
682,Samuel,Sims,elizabethfranklin@example.org,+61 441 599 970,Coogee,36-45,Regular,True,2024-05-29
683,Russell,Krause,nguyenjeremy@example.net,(07) 3789 7939,Pyrmont,55+,Regular,False,2025-07-09
684,Brian,Valenzuela,rodney37@example.net,0418.334.851,Blacktown,46-55,Premium,True,2023-07-25
685,Michelle,Serrano,mortega@example.org,06991052,Blacktown,55+,Regular,False,2025-07-19
686,Kayla,Reed,mary90@example.org,(07)77037925,Chatswood,55+,Budget,True,2023-11-05
687,Sharon,Mendez,leelindsay@example.com,0488 738 719,Randwick,26-35,Regular,True,2025-06-28
688,Melissa,Hammond,michaelclark@example.org,+61.438.400.579,Bella Vista,46-55,Budget,True,2025-08-10
689,Erika,Kelley,cynthia46@example.net,08.1833.7953,Pyrmont,26-35,Premium,True,2023-05-19
690,Colton,Garcia,zphillips@example.com,+61-464-778-971,Bella Vista,18-25,Budget,False,2023-08-07
691,Cassandra,Bowman,rangellarry@example.org,(02)83629242,Kellyville,26-35,Regular,True,2025-05-16
692,Marie,Sanchez,simonchristopher@example.com,+61371693734,Newtown,26-35,Regular,True,2023-07-07
693,Amanda,Garcia,cassandra78@example.com,1058-6582,Newtown,26-35,Budget,False,2025-11-05
694,Frank,Adams,ccampbell@example.net,(02) 8040 2130,Kogarah,36-45,Regular,True,2025-10-17
695,Brooke,Payne,jarmstrong@example.org,+61232233571,Baulkham Hills,46-55,Regular,False,2025-05-17
696,Eric,Gordon,deckerbrenda@example.com,0415.188.243,Rouse Hill,26-35,Regular,False,2026-03-04
697,Mckenzie,Scott,ambermartin@example.net,0306670723,Liverpool,46-55,Regular,True,2023-08-29
698,Lindsey,Stephens,wtorres@example.com,0440.351.100,Blacktown,55+,Regular,True,2023-04-03
699,Teresa,Ortega,kimdunn@example.com,0442.357.783,Baulkham Hills,18-25,Budget,True,2024-05-01
700,Catherine,Huynh,darrylfloyd@example.com,(02) 0467 6671,Ultimo,46-55,Regular,True,2024-02-19
701,Ryan,Vaughn,emilycasey@example.net,02 6054 2171,Blacktown,46-55,Regular,True,2025-06-23
702,Bradley,Sloan,robert80@example.com,+61.417.905.619,Dee Why,18-25,Regular,True,2023-07-26
703,Teresa,Harvey,dortiz@example.net,(07).6546.0441,Baulkham Hills,36-45,Regular,False,2024-06-24
704,Eric,Montgomery,robert22@example.net,02.5751.2258,Penrith,26-35,Regular,True,2025-10-23
705,Rachel,Ponce,rebeccareed@example.net,+61 460 459 903,Maroubra,36-45,Regular,False,2025-11-08
706,Kristen,Mclean,robertsonlisa@example.org,+61 7 2443 4833,Kogarah,46-55,Premium,True,2024-10-09
707,Daniel,Jennings,scottricky@example.com,(02)46581473,Parramatta,46-55,Budget,True,2024-08-04
708,Martin,Knight,wilsonbryan@example.net,08 9805 6696,Strathfield,26-35,Regular,False,2024-07-04
709,Matthew,Hill,raymondsteven@example.org,(03)-3718-0475,Rouse Hill,46-55,Budget,True,2026-02-06
710,Christopher,Richardson,fowlerchristopher@example.net,02-9308-1687,Strathfield,26-35,Budget,True,2025-01-15
711,Kylie,Lopez,yrodriguez@example.net,06819689,Hurstville,55+,Regular,True,2025-03-10
712,Stephanie,Rowland,marchess@example.org,(02) 6147 1894,Rouse Hill,26-35,Regular,True,2023-08-02
713,Kayla,Curry,brianalexander@example.net,0452 820 530,Maroubra,18-25,Regular,False,2025-06-11
714,Marie,Cruz,christian54@example.org,+61.8.1832.9304,Randwick,36-45,Regular,True,2024-05-03
715,Michael,Smith,uwilliams@example.org,4491.0926,Bondi,18-25,Budget,True,2024-06-25
716,Melissa,Meza,justin11@example.org,0484.172.698,Liverpool,36-45,Budget,False,2025-01-03
717,Vincent,Sullivan,aherrera@example.org,+61-401-014-250,Ultimo,36-45,Regular,True,2025-10-26
718,Michele,Jenkins,amberthompson@example.com,(07)-7483-5255,Burwood,26-35,Premium,True,2024-11-19
719,Kayla,Oliver,brittany19@example.org,(07) 0397 6077,Campbelltown,26-35,Regular,True,2024-07-28
720,Philip,Harris,jeremydaniel@example.org,(08)-6200-4797,Maroubra,46-55,Regular,True,2025-07-23
721,Peter,Jones,cheyenne32@example.com,0411.025.425,Burwood,36-45,Budget,False,2023-05-11
722,Sarah,King,johnsonkristi@example.org,03.5278.1361,Coogee,26-35,Premium,False,2025-09-14
723,Benjamin,Shelton,baileypaul@example.org,(03).1681.1117,Campbelltown,18-25,Premium,True,2025-01-10
724,William,Nguyen,eorozco@example.org,1212 3389,Burwood,55+,Regular,True,2023-09-01
725,Kevin,Evans,david75@example.org,0380150859,Kogarah,46-55,Regular,False,2025-04-02
726,Amber,Ayala,ashleyhill@example.org,+61-409-970-177,Liverpool,36-45,Regular,True,2024-08-05
727,Thomas,West,nguyenerica@example.org,0892752194,Rouse Hill,36-45,Regular,True,2024-11-07
728,Tracey,Brown,thomashill@example.com,(02) 2126 3751,Kellyville,26-35,Premium,False,2024-03-13
729,Nicole,Scott,cmorris@example.org,+61 7 5218 3033,Manly,18-25,Budget,True,2024-08-17
730,Brian,Gonzales,millerstacey@example.org,6605-3006,Chatswood,26-35,Regular,False,2024-02-16
731,Courtney,Barker,hannahgregory@example.com,0438-091-662,Ultimo,26-35,Regular,False,2025-06-30
732,Lauren,Morrow,leenicholas@example.com,08-5668-4799,Chatswood,36-45,Premium,True,2025-07-06
733,Andrew,Walker,christina34@example.com,07-6113-1218,Dee Why,26-35,Budget,True,2023-11-14
734,Antonio,Thomas,meyersdavid@example.com,+61.480.518.939,Bondi,46-55,Budget,True,2023-06-16
735,Jennifer,Warren,garciajames@example.org,+61337957575,Strathfield,26-35,Regular,True,2023-07-30
736,Jonathan,Lewis,travisharper@example.com,+61-8-0353-3119,Newtown,36-45,Regular,False,2024-02-13
737,Courtney,White,fandrade@example.org,3604 2329,Miranda,46-55,Premium,False,2025-05-22
738,Donald,Wilson,youngjessica@example.net,+61 411 332 526,Penrith,46-55,Regular,True,2023-05-26
739,Sherry,Perez,david99@example.org,+61-3-2534-0505,Coogee,36-45,Premium,False,2025-07-13
740,Angela,Stafford,anavaughn@example.com,(03)59970119,Campbelltown,36-45,Regular,True,2024-07-06
741,Amanda,Moses,josephguerra@example.org,+61.7.9158.6765,Kellyville,46-55,Premium,False,2025-07-21
742,Laura,Leach,patricia24@example.net,+61-464-861-155,North Sydney,46-55,Premium,False,2025-07-29
743,Amber,Garner,brian89@example.org,+61732871933,Surry Hills,26-35,Regular,True,2023-05-06
744,Steven,Thompson,welchapril@example.net,02 8941 4699,Maroubra,36-45,Premium,False,2025-11-04
745,Daniel,Woods,timothy88@example.org,+61.460.542.200,Mosman,46-55,Regular,True,2025-04-05
746,Nicholas,Ruiz,scott86@example.com,07.2925.6273,Cronulla,55+,Regular,False,2024-11-09
747,Troy,Fowler,jonescynthia@example.net,07.1664.0138,Newtown,46-55,Regular,True,2025-04-20
748,Heather,Wright,lcruz@example.org,(07)-5540-2464,Bondi,46-55,Regular,False,2025-09-16
749,Paul,Ortiz,jonathanoconnell@example.net,(07)25396862,Campbelltown,26-35,Premium,True,2025-07-05
750,John,Perkins,ggarcia@example.com,+61-3-5686-4038,Manly,46-55,Premium,False,2024-03-22
751,Michael,Phillips,andrewlee@example.org,0719662335,Campbelltown,18-25,Premium,True,2024-08-14
752,Zachary,Francis,zhangjacqueline@example.net,+61 8 1752 1694,Miranda,26-35,Regular,True,2023-08-19
753,Rachel,Douglas,jhorton@example.org,+61.8.4216.9372,Campbelltown,26-35,Regular,False,2024-11-17
754,Lisa,Smith,jamie48@example.net,0418-911-866,Chatswood,26-35,Premium,True,2025-06-25
755,Richard,Kemp,preyes@example.net,0454 979 731,Baulkham Hills,36-45,Regular,False,2025-07-31
756,Ronald,Cox,jasonwilson@example.com,(02) 7347 5438,Kogarah,46-55,Budget,True,2025-06-10
757,Teresa,Callahan,bmurphy@example.com,0457-517-223,Campbelltown,26-35,Premium,False,2024-07-30
758,Jason,Austin,daniel28@example.com,(02) 5235 0341,Rouse Hill,26-35,Budget,True,2024-06-02
759,Kevin,Hood,justin83@example.com,(07) 2303 8353,Pyrmont,46-55,Budget,True,2025-05-23
760,Joseph,Bullock,justincosta@example.com,(02)57279278,Burwood,36-45,Regular,False,2023-11-07
761,Lisa,Rojas,harriscarl@example.org,+61-471-830-148,Kellyville,46-55,Regular,True,2023-06-26
762,Ronald,Mcdonald,jefferylarsen@example.com,+61-459-347-073,Mosman,26-35,Regular,False,2025-02-10
763,Karen,Hernandez,parroyo@example.net,07-1604-8335,Castle Hill,26-35,Budget,True,2023-07-10
764,Douglas,Robinson,phillipbrown@example.com,01704312,Hurstville,46-55,Budget,False,2024-11-10
765,Thomas,Mcgrath,williamscassandra@example.com,7508.2783,Manly,55+,Regular,True,2026-01-14
766,Christina,Hernandez,lewiswilliam@example.net,6078 4844,Parramatta,36-45,Budget,True,2023-07-26
767,David,Brooks,areid@example.net,+61796395841,Bondi,55+,Premium,True,2024-02-27
768,Jose,Phillips,bacosta@example.org,(07)21263934,Glebe,26-35,Regular,False,2025-06-19
769,Joseph,Mclean,pbush@example.net,07-9951-5274,Burwood,46-55,Regular,False,2023-09-30
770,Rodney,Cooper,tammygarner@example.org,6822 8531,Manly,36-45,Regular,True,2023-04-08
771,Ashlee,Lee,alexisparks@example.net,(07)43161230,Ultimo,46-55,Regular,False,2023-08-19
772,Gregory,Gutierrez,smithdebbie@example.org,(08)-5529-3209,Surry Hills,36-45,Premium,False,2024-10-09
773,Nicole,Jones,ramosjudith@example.net,0289210124,Rouse Hill,26-35,Budget,True,2024-10-21
774,Jillian,Gray,jamesthomas@example.net,83959554,Liverpool,18-25,Regular,True,2025-03-29
775,Rebekah,White,fhickman@example.com,+61 453 667 527,Baulkham Hills,26-35,Regular,False,2025-07-31
776,Theresa,Moore,danielsanchez@example.net,+61.434.951.492,Glebe,46-55,Regular,True,2025-06-18
777,Heather,Bowen,jeffreycampbell@example.net,+61-483-744-070,Kogarah,36-45,Premium,True,2025-07-19
778,Mark,Harding,caldwellshelby@example.com,(02)68751853,Baulkham Hills,18-25,Regular,True,2023-04-09
779,Sarah,Spears,wanderson@example.com,+61 7 0003 5872,Kellyville,36-45,Regular,False,2023-07-15
780,Heather,Harvey,ocrosby@example.com,+61 8 4788 0568,North Sydney,46-55,Budget,False,2024-07-20
781,Amanda,Roberts,joshuagonzalez@example.net,3542.7837,Randwick,46-55,Regular,False,2023-06-05
782,Victoria,Ballard,waltonbrenda@example.com,+61.463.502.336,Hurstville,36-45,Premium,False,2025-05-25
783,Dale,Hull,andrewwagner@example.org,8061.5386,Chatswood,26-35,Regular,False,2024-07-19
784,Shannon,Salazar,calvinhaynes@example.net,8653.7094,Hurstville,18-25,Budget,True,2023-12-20
785,Amy,Mitchell,jessicaleach@example.org,0488 898 608,Pyrmont,26-35,Premium,True,2025-02-26
786,Rebecca,Cox,scott94@example.org,(03)62968929,Blacktown,36-45,Budget,False,2025-08-01
787,Dylan,Hall,fieldsanthony@example.net,08.2066.5290,Miranda,26-35,Budget,False,2026-01-19
788,Christopher,Spears,williamskatelyn@example.net,0424 512 222,Miranda,55+,Regular,True,2024-08-28
789,Alexander,Cruz,jamesflores@example.net,+61344434843,Bondi,18-25,Regular,True,2025-11-13
790,Elizabeth,White,penamichelle@example.com,03-6133-6717,Baulkham Hills,36-45,Budget,False,2023-12-28
791,Richard,Perez,andersonbrooke@example.net,+61.401.184.302,Hurstville,36-45,Regular,True,2024-05-07
792,Barbara,Acevedo,hayden24@example.net,0462 922 083,Burwood,36-45,Budget,True,2023-12-14
793,Sandra,Harrell,amandabrown@example.com,5114.0252,Manly,55+,Budget,False,2023-09-18
794,Dawn,Johnson,millerlinda@example.org,+61.2.9741.5335,Mosman,55+,Budget,True,2025-01-27
795,Michael,Thompson,fpratt@example.net,+61-3-7657-0494,Ultimo,26-35,Regular,False,2025-07-27
796,Elizabeth,Fields,lewispatrick@example.com,0496.173.814,Baulkham Hills,46-55,Budget,False,2025-06-29
797,Kevin,Butler,cory20@example.net,0441.061.741,Blacktown,26-35,Regular,False,2025-02-05
798,Jason,Harris,clarkelee@example.org,3894.0013,Hurstville,36-45,Budget,True,2025-06-23
799,Anne,Mendoza,jonesgeorge@example.net,0491-720-055,Hurstville,18-25,Regular,True,2024-03-01
800,Danielle,Vaughan,eric08@example.com,(07) 1669 7898,Burwood,46-55,Budget,True,2025-08-14
801,Jade,Becker,jonjohnson@example.net,+61.2.7897.6522,Castle Hill,18-25,Premium,True,2023-09-07
802,Anthony,Dunn,wesley71@example.net,69763392,Burwood,18-25,Regular,False,2025-11-10
803,Sandy,Perez,shawn62@example.net,0996-8162,Burwood,26-35,Budget,False,2024-02-09
804,Kelly,Morrow,lisayoung@example.net,(02) 7980 9219,Blacktown,46-55,Premium,False,2024-10-20
805,Chad,Long,greg42@example.org,+61838858394,Cronulla,46-55,Regular,False,2025-12-07
806,Angela,Humphrey,matthew29@example.net,+61 2 4851 6933,Penrith,36-45,Budget,False,2023-09-24
807,James,Chaney,christopher57@example.net,0212689153,Bella Vista,26-35,Regular,False,2026-01-26
808,Janet,Gay,rmurphy@example.com,+61.446.989.913,Randwick,18-25,Regular,True,2024-08-08
809,Erin,Moore,melanie48@example.net,0465 569 739,Baulkham Hills,26-35,Regular,False,2024-08-21
810,Molly,Taylor,joseph43@example.net,0412 966 661,Miranda,36-45,Regular,True,2024-06-18
811,Troy,Gillespie,sullivanmary@example.net,3167-2606,Campbelltown,36-45,Budget,True,2023-07-05
812,Jim,Lopez,andreamurphy@example.com,+61241190539,Kogarah,36-45,Regular,True,2026-01-22
813,Kelly,Medina,phouston@example.org,+61 2 5854 8567,Ultimo,26-35,Budget,True,2024-02-04
814,Barbara,Silva,davidthomas@example.net,85283724,Hurstville,55+,Premium,False,2024-03-06
815,David,Johnson,ynelson@example.com,+61.484.582.299,Miranda,55+,Regular,False,2025-07-25
816,Elizabeth,Morgan,anthonydawson@example.net,+61.411.484.573,Castle Hill,36-45,Regular,False,2025-07-28
817,Melissa,Hawkins,lozanomelissa@example.org,0442 331 933,Coogee,26-35,Premium,True,2025-10-30
818,Robert,Martin,munozhaley@example.net,+61 428 921 999,Manly,36-45,Regular,True,2023-07-24
819,David,Hunter,jacob93@example.com,0443-257-256,Burwood,26-35,Regular,True,2023-08-30
820,Diana,Molina,shannonrobbins@example.org,+61.453.537.540,Randwick,46-55,Budget,True,2025-01-14
821,Mary,Owens,andrewmclaughlin@example.net,(08)22028083,Dee Why,26-35,Regular,False,2025-09-05
822,Scott,Williamson,hillkelsey@example.com,(08).0164.3038,Newtown,46-55,Regular,False,2023-10-18
823,Douglas,Brown,cranetony@example.net,4657 8644,Mosman,26-35,Regular,True,2023-09-08
824,Christine,Hunter,lindseymoore@example.net,03 8362 6828,Coogee,46-55,Regular,True,2024-05-18
825,Kyle,Martin,chambersjerome@example.net,2311-8001,Chatswood,36-45,Budget,True,2023-10-15
826,Paul,Perry,andrea03@example.net,0310845053,Strathfield,18-25,Regular,False,2024-01-05
827,Stephanie,Mitchell,ccruz@example.org,(03) 3173 3044,Baulkham Hills,18-25,Regular,False,2026-03-11
828,Helen,Ramirez,gmorgan@example.org,+61 408 226 469,Strathfield,46-55,Premium,False,2025-10-05
829,Jesus,Martinez,elizabethjohnson@example.org,4894.1497,Dee Why,46-55,Premium,True,2024-09-07
830,Robert,Steele,richardsonrhonda@example.org,+61892258390,Castle Hill,26-35,Premium,False,2024-09-02
831,Patricia,Harris,paigeavila@example.com,0775161494,Manly,26-35,Regular,True,2023-10-07
832,Billy,Thompson,jonathan10@example.com,0887009372,Mosman,36-45,Regular,True,2024-02-21
833,Jason,Gray,ashleymelissa@example.net,07 4063 9452,Miranda,46-55,Premium,False,2024-07-01
834,Stacy,Richardson,rodrigueztravis@example.org,+61.2.5343.7250,Bella Vista,36-45,Regular,False,2025-03-25
835,Derek,Navarro,wagnerkelsey@example.net,+61724630480,Campbelltown,46-55,Regular,True,2024-12-20
836,Daniel,Dickson,hamiltonjessica@example.net,+61.2.8750.4911,Bondi,26-35,Regular,False,2025-11-18
837,Jessica,Jones,elizabethgonzalez@example.org,1814.7787,Strathfield,18-25,Regular,False,2024-01-02
838,Shannon,Cole,alyssa73@example.com,(08)83765756,Surry Hills,36-45,Regular,True,2023-04-28
839,Matthew,Wall,michaelvasquez@example.org,+61.488.316.392,Maroubra,36-45,Regular,False,2025-12-06
840,Casey,Olsen,vduncan@example.org,0441.782.720,Blacktown,46-55,Budget,True,2025-12-09
841,Raven,Mayer,thompsonnicole@example.com,+61296178882,Kellyville,36-45,Regular,True,2025-09-20
842,Nathan,Becker,scottjackson@example.com,+61.3.3423.6176,Cronulla,46-55,Premium,True,2025-03-16
843,David,Figueroa,kingjerry@example.org,0454 312 642,Rouse Hill,46-55,Budget,True,2025-05-22
844,Bryce,Mitchell,lthomas@example.net,+61-7-4129-3496,Campbelltown,36-45,Regular,True,2025-12-24
845,Carrie,Irwin,melissaperry@example.net,4874.0090,Chatswood,26-35,Regular,True,2023-06-30
846,Holly,Holmes,kbrown@example.net,02-4070-3924,Cronulla,18-25,Premium,True,2025-09-16
847,Karen,Reed,jenniferfields@example.net,68773897,Cronulla,36-45,Regular,True,2026-02-18
848,Nicole,Cordova,garzajoseph@example.com,0353347847,Castle Hill,26-35,Regular,True,2025-07-07
849,Nathaniel,Morris,cannonjustin@example.com,(03)-1072-9873,Castle Hill,26-35,Regular,True,2024-02-21
850,Lauren,Oneill,gregory03@example.com,+61 445 820 427,Ultimo,36-45,Regular,True,2023-09-19
851,Christina,Haynes,ariana20@example.com,0498-498-498,North Sydney,46-55,Regular,True,2023-08-17
852,Ryan,Jenkins,barnestracie@example.com,0402 757 505,Baulkham Hills,26-35,Budget,False,2023-05-21
853,Christopher,Mitchell,riceoscar@example.com,+61.486.719.228,Liverpool,46-55,Regular,False,2025-06-10
854,Cameron,Richardson,rodriguezdanny@example.net,+61-8-0386-7350,Rouse Hill,36-45,Premium,True,2023-10-04
855,Andrea,Martinez,orrjordan@example.net,0469.208.046,Miranda,36-45,Budget,True,2025-10-30
856,Amanda,Brown,kelliburnett@example.com,9938-1035,Strathfield,46-55,Regular,True,2025-01-30
857,Theresa,Clarke,emily13@example.com,+61.484.489.319,Ultimo,36-45,Regular,True,2023-06-07
858,Bradley,Graham,gregory24@example.net,(02)-2259-1432,Burwood,26-35,Budget,False,2024-02-26
859,John,Gonzales,martineznicholas@example.org,0282234696,Miranda,36-45,Regular,True,2025-09-21
860,Ryan,Stone,alyssahoward@example.net,+61.412.441.087,Kogarah,46-55,Budget,True,2026-02-25
861,Stephanie,Rodriguez,pdiaz@example.net,+61 3 9586 2308,Penrith,18-25,Regular,True,2023-10-01
862,Isaac,Martinez,vanessashaw@example.net,(07) 5207 1386,Coogee,55+,Regular,True,2025-11-01
863,Mercedes,Ellis,leslie35@example.org,+61-468-925-446,Kellyville,18-25,Budget,True,2023-05-11
864,Kaitlin,Robles,tdominguez@example.net,08 1418 7842,Baulkham Hills,46-55,Regular,True,2025-06-11
865,Leslie,Dominguez,laurendouglas@example.com,0759570234,Strathfield,26-35,Regular,False,2023-12-25
866,Todd,Williams,rjames@example.com,+61-3-4729-4962,Coogee,26-35,Budget,True,2025-04-22
867,Linda,Reid,amy48@example.org,6762-8641,North Sydney,46-55,Regular,False,2023-03-28
868,Richard,Stewart,markdavis@example.org,02 4660 7933,Coogee,55+,Regular,True,2024-12-22
869,Mary,Chaney,dixondavid@example.org,1524 8768,Blacktown,26-35,Premium,True,2024-01-09
870,Robert,Anderson,christiangraves@example.com,63263666,Burwood,26-35,Budget,False,2023-11-28
871,Jessica,English,lauren27@example.com,4024.9835,Burwood,36-45,Regular,True,2026-01-03
872,Sheila,Rose,darrellchoi@example.org,9940.7855,Surry Hills,26-35,Premium,True,2025-07-29
873,Stephen,Frey,fstone@example.org,0473 636 043,Strathfield,36-45,Budget,True,2025-05-19
874,Brian,Wolfe,cory41@example.org,(03).6608.1124,Liverpool,55+,Regular,True,2024-09-01
875,Austin,Sanders,turnermary@example.org,(08)67534640,Kellyville,46-55,Regular,True,2023-07-12
876,Corey,Ruiz,cookjames@example.org,+61210825925,Blacktown,36-45,Budget,False,2025-08-25
877,Thomas,Jarvis,john22@example.net,+61359204762,Penrith,46-55,Regular,False,2023-09-20
878,Christopher,Jordan,jeanne83@example.net,+61.453.968.856,Cronulla,36-45,Regular,False,2025-01-21
879,Carol,Garcia,burkeheather@example.com,03.8175.5998,Bella Vista,36-45,Regular,True,2024-10-22
880,Elizabeth,Sanders,ramoskathy@example.org,(02).7107.6506,Ultimo,18-25,Regular,False,2024-08-23
881,Jennifer,Johnson,karen26@example.com,0483-160-706,Baulkham Hills,18-25,Premium,True,2025-10-31
882,John,Brown,alyssa92@example.com,(02)-5611-2753,Kellyville,46-55,Regular,True,2024-01-28
883,Courtney,Parker,vvazquez@example.org,+61.7.9065.3471,Burwood,18-25,Regular,False,2024-07-20
884,Amanda,Mcguire,vargascarolyn@example.net,80008611,Coogee,26-35,Budget,False,2023-12-25
885,Sara,Preston,philip69@example.org,(03).0841.2104,Penrith,55+,Regular,False,2024-10-17
886,Gina,Hudson,susan95@example.net,42878855,Maroubra,46-55,Budget,False,2024-12-15
887,Raymond,Soto,wrightkelsey@example.com,2240-0264,Manly,18-25,Regular,True,2023-11-09
888,Jake,Craig,cassandrawest@example.net,03.2594.1827,Campbelltown,36-45,Regular,True,2024-12-11
889,Bryan,Miles,andrewalexander@example.com,03 6608 4841,Hurstville,46-55,Premium,True,2024-11-20
890,Justin,Smith,bridgescharles@example.com,(08) 5812 4488,Mosman,36-45,Regular,True,2025-08-18
891,Margaret,Freeman,rollinsjudith@example.net,(07)60718832,Pyrmont,26-35,Regular,True,2023-06-18
892,Alexandra,Neal,carol80@example.com,+61-425-073-131,Maroubra,26-35,Regular,False,2024-05-29
893,Daniel,Floyd,janetharris@example.net,(08)40393057,Manly,36-45,Regular,True,2023-11-17
894,Anne,Mason,robert45@example.net,(08)08758768,Liverpool,55+,Regular,False,2025-12-23
895,Ana,Lawson,jamesmoore@example.org,07.7100.1923,Kogarah,18-25,Budget,True,2024-01-12
896,Michael,Wells,wperez@example.org,0899256338,Dee Why,46-55,Budget,True,2024-05-02
897,Diane,Young,foleyrobert@example.net,(02).5704.2168,Castle Hill,26-35,Regular,False,2025-10-30
898,Matthew,Gibson,robinsondonald@example.org,(07)-0348-8747,Parramatta,26-35,Regular,False,2024-12-07
899,Jacob,Lee,johnwilliams@example.org,+61253381514,Bondi,55+,Regular,True,2024-05-26
900,Kevin,Ward,vhudson@example.net,02 6856 0743,North Sydney,18-25,Premium,True,2026-01-10
901,Brenda,Colon,hernandezwilliam@example.com,0498 605 510,Cronulla,36-45,Regular,False,2024-07-04
902,Daniel,Ferguson,mary14@example.com,02-8063-7823,Miranda,46-55,Regular,True,2025-02-24
903,Kelly,Alexander,gillamanda@example.com,7600-7608,Rouse Hill,36-45,Budget,True,2024-04-22
904,Chad,Ruiz,heather69@example.net,+61844270657,Castle Hill,36-45,Regular,True,2025-06-15
905,Adam,Miller,perrykenneth@example.org,(02)-2130-9169,Burwood,18-25,Regular,True,2023-08-02
906,Dale,Parker,ruth00@example.com,0818900019,Glebe,55+,Budget,True,2024-12-24
907,Elizabeth,Brown,zbell@example.com,07.1109.9373,Mosman,36-45,Regular,False,2024-07-29
908,Fernando,Bennett,qbolton@example.com,+61.7.5034.9395,Bella Vista,18-25,Regular,False,2024-11-01
909,Janet,Henderson,jenniferross@example.org,08 5487 9118,North Sydney,55+,Regular,True,2024-09-14
910,Thomas,Pierce,wtran@example.net,0471 116 603,Dee Why,55+,Regular,True,2024-01-06
911,Caitlin,Mills,francesking@example.org,(07) 4387 4235,Coogee,18-25,Premium,True,2025-07-16
912,George,Norris,catherine55@example.org,07.4126.4947,Castle Hill,36-45,Regular,True,2023-07-11
913,Jessica,Case,alexander89@example.net,+61 476 286 422,Hurstville,36-45,Regular,True,2025-09-19
914,Alex,Nguyen,christopher26@example.org,03.3266.2403,Miranda,26-35,Budget,False,2025-05-15
915,Ronald,Leon,kristinpeck@example.com,(02)63835811,Bondi,18-25,Premium,True,2025-02-16
916,Kelly,Jacobson,vcarlson@example.net,0866759376,Burwood,46-55,Budget,True,2024-09-17
917,Veronica,Galvan,calderondanielle@example.org,1379-5635,Coogee,36-45,Regular,True,2023-09-02
918,Christine,Lee,aadams@example.com,98832834,Glebe,26-35,Regular,True,2025-05-23
919,Robert,Jones,gshaffer@example.com,+61-2-8950-4555,Bondi,26-35,Regular,True,2025-08-28
920,Matthew,Rodriguez,donsalazar@example.org,+61.8.8240.7462,Kogarah,46-55,Budget,True,2026-01-11
921,Jordan,Gibson,jacksonabigail@example.org,0481.570.421,Penrith,46-55,Budget,True,2024-07-12
922,Timothy,Ortiz,ssmith@example.net,(02) 4347 9757,Baulkham Hills,26-35,Regular,True,2024-05-28
923,Christopher,Martin,john16@example.net,+61 2 5345 2594,Pyrmont,55+,Regular,False,2024-09-14
924,Kevin,Patterson,teresacochran@example.com,6125.0425,Miranda,46-55,Budget,False,2024-10-10
925,Jessica,Willis,patrick04@example.com,0426-020-946,Cronulla,26-35,Budget,False,2024-08-31
926,Barbara,Petersen,jennifermunoz@example.com,+61 442 362 181,Bondi,26-35,Budget,True,2023-04-29
927,Christine,Carroll,kristi04@example.org,(03)-8876-7359,Penrith,46-55,Premium,True,2025-05-03
928,Rebecca,Benjamin,zsingh@example.net,+61 428 980 979,Bondi,55+,Premium,True,2024-06-07
929,Daniel,Martinez,castillophilip@example.org,+61-2-5474-0408,Dee Why,55+,Regular,True,2023-12-09
930,Nicholas,Ramirez,guerrerodonna@example.org,0474 295 745,Surry Hills,36-45,Regular,True,2024-03-02
931,Rebecca,Bowman,mikemyers@example.org,+61.460.738.572,Cronulla,46-55,Premium,True,2024-11-25
932,Brittany,Carson,ngomez@example.com,9732-7246,Bondi,55+,Regular,True,2026-02-22
933,Whitney,Harmon,vyoung@example.net,0432.849.391,Blacktown,26-35,Budget,True,2024-02-21
934,Debra,Obrien,john71@example.net,+61-419-111-786,Liverpool,36-45,Regular,False,2023-09-23
935,Brian,Davidson,qprice@example.com,+61 2 0620 3672,Baulkham Hills,18-25,Regular,True,2026-02-10
936,Adriana,White,chall@example.org,0877470159,Rouse Hill,26-35,Premium,False,2024-06-19
937,Kyle,Smith,aimeekirby@example.com,2929 7570,Bondi,46-55,Premium,True,2024-03-05
938,Amy,Henderson,evansdeborah@example.net,+61 7 1440 4078,Castle Hill,36-45,Regular,False,2023-04-18
939,Todd,Walker,xknight@example.com,07 1942 1996,Mosman,18-25,Premium,True,2024-12-24
940,Emily,Brooks,bobby23@example.net,(08)-0727-1026,Bondi,46-55,Premium,False,2024-02-17
941,Kari,Brown,gpierce@example.net,49260329,North Sydney,26-35,Regular,False,2025-02-26
942,Lisa,Munoz,hernandezanthony@example.com,03.8061.0302,Surry Hills,26-35,Regular,False,2024-03-11
943,Shane,Santos,middletonapril@example.com,07-6736-4134,Maroubra,36-45,Regular,True,2023-09-09
944,Sara,Smith,lisadaniels@example.net,0434.993.107,North Sydney,26-35,Regular,False,2024-12-22
945,Debra,Patterson,carrie91@example.org,6747.1643,Kellyville,18-25,Regular,True,2024-08-22
946,Jeffrey,Bass,willissamantha@example.org,+61-450-091-111,Rouse Hill,26-35,Budget,True,2023-07-25
947,Barbara,Wood,herringjeffery@example.com,0837743250,Rouse Hill,55+,Premium,True,2024-04-27
948,Stephanie,Freeman,bethgarcia@example.com,+61 404 220 082,Chatswood,36-45,Regular,True,2025-02-13
949,Charlotte,Rivera,racheljackson@example.net,6125.0057,Liverpool,55+,Budget,False,2025-04-09
950,Kerry,Anderson,awest@example.org,0260852821,Manly,26-35,Budget,True,2025-12-16
951,Dennis,Graves,scottsmith@example.net,03 4547 8752,Burwood,26-35,Regular,False,2025-10-20
952,Daniel,Hatfield,xhenson@example.net,0432.392.215,Parramatta,26-35,Premium,False,2024-06-06
953,Kimberly,Hamilton,brittany91@example.com,(03) 7335 3220,Randwick,18-25,Budget,True,2024-10-25
954,Joseph,Neal,kdean@example.org,(08) 3638 1265,Pyrmont,26-35,Premium,False,2024-12-27
955,Tammie,Rojas,wnguyen@example.com,+61.7.3040.4047,Campbelltown,26-35,Regular,True,2024-01-25
956,Neil,Stafford,paulhester@example.com,03 4340 8608,Ultimo,36-45,Premium,True,2025-01-26
957,Stephanie,Sparks,steven02@example.org,02 3945 8355,Rouse Hill,55+,Budget,True,2023-08-21
958,Kim,Hogan,zguerrero@example.com,3488-3533,Randwick,36-45,Budget,False,2025-07-25
959,Jeffrey,Payne,wgibson@example.com,16767599,Maroubra,36-45,Regular,True,2026-02-23
960,Lisa,Vega,krista38@example.com,0467-947-974,Coogee,36-45,Regular,False,2024-10-23
961,Amber,Sellers,hhunter@example.net,+61.404.009.565,Randwick,26-35,Premium,True,2024-08-30
962,Marcia,Beltran,noahrobinson@example.org,1857.3183,Liverpool,26-35,Premium,True,2024-04-25
963,Ronald,Davis,johnny27@example.org,07 4365 4293,North Sydney,26-35,Regular,False,2025-03-23
964,Terry,Carpenter,paul40@example.com,(02) 2049 6471,Miranda,36-45,Premium,True,2023-12-16
965,Debbie,Hernandez,irogers@example.net,+61 478 632 537,Cronulla,26-35,Premium,True,2025-04-13
966,Amy,Williams,hhowell@example.com,+61 7 3526 2952,Kellyville,36-45,Regular,True,2024-08-09
967,Donna,Henderson,kimberly29@example.net,+61-2-9889-6472,Baulkham Hills,26-35,Regular,True,2023-10-11
968,Douglas,Martin,angelascott@example.net,0479-121-536,Coogee,46-55,Budget,False,2026-03-09
969,Katelyn,Solomon,laura03@example.net,+61.417.581.048,Campbelltown,36-45,Regular,True,2025-03-22
970,Frank,English,davidshaw@example.com,03 3064 6273,Rouse Hill,18-25,Premium,True,2024-06-13
971,Sara,Pacheco,amcbride@example.net,(07)27708238,Cronulla,36-45,Regular,True,2025-06-04
972,Sarah,Reynolds,ballderek@example.net,8265.4308,Surry Hills,26-35,Budget,True,2024-06-11
973,Samuel,Walker,rlee@example.net,7196 8788,Campbelltown,26-35,Regular,False,2025-09-04
974,Michael,Stewart,halladam@example.net,+61 8 3765 1453,Glebe,26-35,Regular,True,2024-07-10
975,Teresa,Romero,john61@example.org,0444-349-126,Castle Hill,46-55,Budget,True,2024-07-30
976,John,Alvarez,richard56@example.com,+61.453.826.322,Chatswood,18-25,Budget,True,2025-03-29
977,Krystal,Mccoy,lharris@example.org,7702.4170,Miranda,26-35,Regular,True,2024-08-16
978,Kristen,Hernandez,williamsalyssa@example.com,0891374835,Baulkham Hills,26-35,Premium,False,2024-05-05
979,Kevin,Francis,nroy@example.org,+61.8.6252.9680,Mosman,46-55,Regular,False,2024-08-21
980,Gene,Callahan,thomascollier@example.org,9928-5828,Blacktown,36-45,Budget,True,2024-02-10
981,Mitchell,Avila,rodriguezamanda@example.net,0298341002,Bondi,26-35,Budget,False,2024-01-29
982,Matthew,Brown,ricky15@example.org,00084880,Strathfield,46-55,Regular,True,2025-05-27
983,Christopher,Cole,heidi43@example.net,+61 498 858 255,Liverpool,36-45,Regular,True,2025-07-05
984,Jose,Lane,troyburgess@example.org,5079 6751,Rouse Hill,36-45,Budget,True,2025-04-25
985,Valerie,Stone,johnfernandez@example.org,0445.213.085,Chatswood,18-25,Budget,True,2023-05-20
986,Jacqueline,Berger,wleblanc@example.net,08 7687 3043,Castle Hill,26-35,Budget,True,2024-06-12
987,Ashley,Singh,dporter@example.com,+61.8.9916.5731,Hurstville,36-45,Regular,True,2023-12-17
988,Brian,Castro,duncanelizabeth@example.com,+61.430.521.983,Bondi,18-25,Regular,False,2025-04-07
989,James,Ramirez,ibradford@example.org,+61-446-674-713,Newtown,26-35,Premium,True,2025-08-01
990,Michael,Cole,audreynolan@example.com,+61.8.5046.8468,Ultimo,36-45,Regular,True,2025-10-30
991,Suzanne,Wang,troyburns@example.org,0444-349-033,Castle Hill,55+,Regular,True,2023-11-30
992,Brandy,Price,jenniferharmon@example.org,08 9788 6464,North Sydney,46-55,Regular,True,2024-06-28
993,Laura,Brennan,csmith@example.org,(02)91252405,Randwick,26-35,Regular,True,2023-05-05
994,Mark,Young,cantualexis@example.net,(08).3804.2716,Randwick,26-35,Regular,True,2023-12-12
995,Brian,Lawson,emiller@example.net,69151955,Glebe,36-45,Regular,False,2024-12-26
996,Candace,Russell,william90@example.com,0451 560 477,Dee Why,18-25,Regular,True,2024-04-08
997,Keith,Hughes,aprilgibson@example.net,+61-487-572-446,Kellyville,18-25,Budget,False,2023-09-03
998,Marc,Jackson,freemanjoyce@example.org,+61370207081,Chatswood,46-55,Regular,True,2025-05-09
999,Linda,Parker,stewartjerry@example.com,0737856561,Blacktown,36-45,Regular,True,2024-08-05
1000,Kathryn,Morales,mike63@example.com,(02).0382.8133,Chatswood,26-35,Regular,True,2024-05-30
